split_card,drawn_card,upcard,optimal_actions,stand,hit,double,value
1,1,1,stand,-0.6669507746855103,,,-0.6669507746855103
1,1,2,stand,-0.29278372720927737,,,-0.29278372720927737
1,1,3,stand,-0.25225022923571355,,,-0.25225022923571355
1,1,4,stand,-0.21106310899491437,,,-0.21106310899491437
1,1,5,stand,-0.16719266083547535,,,-0.16719266083547535
1,1,6,stand,-0.15369901583000453,,,-0.15369901583000453
1,1,7,stand,-0.47537518327693334,,,-0.47537518327693334
1,1,8,stand,-0.5105175154976173,,,-0.5105175154976173
1,1,9,stand,-0.5431496811311094,,,-0.5431496811311094
1,1,10,stand,-0.5404303339949851,,,-0.5404303339949851
1,2,1,stand,-0.6669507746855103,,,-0.6669507746855103
1,2,2,stand,-0.29278372720927737,,,-0.29278372720927737
1,2,3,stand,-0.25225022923571355,,,-0.25225022923571355
1,2,4,stand,-0.21106310899491437,,,-0.21106310899491437
1,2,5,stand,-0.16719266083547535,,,-0.16719266083547535
1,2,6,stand,-0.15369901583000453,,,-0.15369901583000453
1,2,7,stand,-0.47537518327693334,,,-0.47537518327693334
1,2,8,stand,-0.5105175154976173,,,-0.5105175154976173
1,2,9,stand,-0.5431496811311094,,,-0.5431496811311094
1,2,10,stand,-0.5404303339949851,,,-0.5404303339949851
1,3,1,stand,-0.6669507746855103,,,-0.6669507746855103
1,3,2,stand,-0.29278372720927737,,,-0.29278372720927737
1,3,3,stand,-0.25225022923571355,,,-0.25225022923571355
1,3,4,stand,-0.21106310899491437,,,-0.21106310899491437
1,3,5,stand,-0.16719266083547535,,,-0.16719266083547535
1,3,6,stand,-0.15369901583000453,,,-0.15369901583000453
1,3,7,stand,-0.47537518327693334,,,-0.47537518327693334
1,3,8,stand,-0.5105175154976173,,,-0.5105175154976173
1,3,9,stand,-0.5431496811311094,,,-0.5431496811311094
1,3,10,stand,-0.5404303339949851,,,-0.5404303339949851
1,4,1,stand,-0.6669507746855103,,,-0.6669507746855103
1,4,2,stand,-0.29278372720927737,,,-0.29278372720927737
1,4,3,stand,-0.25225022923571355,,,-0.25225022923571355
1,4,4,stand,-0.21106310899491437,,,-0.21106310899491437
1,4,5,stand,-0.16719266083547535,,,-0.16719266083547535
1,4,6,stand,-0.15369901583000453,,,-0.15369901583000453
1,4,7,stand,-0.47537518327693334,,,-0.47537518327693334
1,4,8,stand,-0.5105175154976173,,,-0.5105175154976173
1,4,9,stand,-0.5431496811311094,,,-0.5431496811311094
1,4,10,stand,-0.5404303339949851,,,-0.5404303339949851
1,5,1,stand,-0.6669507746855103,,,-0.6669507746855103
1,5,2,stand,-0.29278372720927737,,,-0.29278372720927737
1,5,3,stand,-0.25225022923571355,,,-0.25225022923571355
1,5,4,stand,-0.21106310899491437,,,-0.21106310899491437
1,5,5,stand,-0.16719266083547535,,,-0.16719266083547535
1,5,6,stand,-0.15369901583000453,,,-0.15369901583000453
1,5,7,stand,-0.47537518327693334,,,-0.47537518327693334
1,5,8,stand,-0.5105175154976173,,,-0.5105175154976173
1,5,9,stand,-0.5431496811311094,,,-0.5431496811311094
1,5,10,stand,-0.5404303339949851,,,-0.5404303339949851
1,6,1,stand,-0.4780334749947371,,,-0.4780334749947371
1,6,2,stand,-0.15297458768154204,,,-0.15297458768154204
1,6,3,stand,-0.11721624142457363,,,-0.11721624142457363
1,6,4,stand,-0.08057337314531614,,,-0.08057337314531614
1,6,5,stand,-0.04494137556492456,,,-0.04494137556492456
1,6,6,stand,0.011739160673341858,,,0.011739160673341858
1,6,7,stand,-0.10680898948269474,,,-0.10680898948269474
1,6,8,stand,-0.3819509710484473,,,-0.3819509710484473
1,6,9,stand,-0.4231542396452174,,,-0.4231542396452174
1,6,10,stand,-0.4197206339288199,,,-0.4197206339288199
1,7,1,stand,-0.10019887561319059,,,-0.10019887561319059
1,7,2,stand,0.12174190222088768,,,0.12174190222088768
1,7,3,stand,0.14830007284131116,,,0.14830007284131116
1,7,4,stand,0.17585443719748522,,,0.17585443719748522
1,7,5,stand,0.19956119497617703,,,0.19956119497617703
1,7,6,stand,0.2834439160468985,,,0.2834439160468985
1,7,7,stand,0.39955416733655175,,,0.39955416733655175
1,7,8,stand,0.10595134861912354,,,0.10595134861912354
1,7,9,stand,-0.18316335667343342,,,-0.18316335667343342
1,7,10,stand,-0.17830123379648957,,,-0.17830123379648957
1,8,1,stand,0.27763572376835594,,,0.27763572376835594
1,8,2,stand,0.3863046860205899,,,0.3863046860205899
1,8,3,stand,0.40436293659776,,,0.40436293659776
1,8,4,stand,0.4231789248274964,,,0.4231789248274964
1,8,5,stand,0.43951210416088354,,,0.43951210416088354
1,8,6,stand,0.4959770737873191,,,0.4959770737873191
1,8,7,stand,0.6159764957534314,,,0.6159764957534314
1,8,8,stand,0.5938536682866943,,,0.5938536682866943
1,8,9,stand,0.28759675706758137,,,0.28759675706758137
1,8,10,stand,0.06311816633584079,,,0.06311816633584079
1,9,1,stand,0.6554703231499024,,,0.6554703231499024
1,9,2,stand,0.6399865752168388,,,0.6399865752168388
1,9,3,stand,0.6502720942514814,,,0.6502720942514814
1,9,4,stand,0.6610499619480716,,,0.6610499619480716
1,9,5,stand,0.6703596906327999,,,0.6703596906327999
1,9,6,stand,0.7039585701713446,,,0.7039585701713446
1,9,7,stand,0.7732272265371749,,,0.7732272265371749
1,9,8,stand,0.7918151595518983,,,0.7918151595518983
1,9,9,stand,0.7583568708085962,,,0.7583568708085962
1,9,10,stand,0.5545375664681711,,,0.5545375664681711
1,10,1,stand,0.9221938114203379,,,0.9221938114203379
1,10,2,stand,0.88200651549404,,,0.88200651549404
1,10,3,stand,0.8853003573017494,,,0.8853003573017494
1,10,4,stand,0.8887672929659194,,,0.8887672929659194
1,10,5,stand,0.8917538265952802,,,0.8917538265952802
1,10,6,stand,0.9028367438425798,,,0.9028367438425798
1,10,7,stand,0.9259262959645234,,,0.9259262959645234
1,10,8,stand,0.9306050531839661,,,0.9306050531839661
1,10,9,stand,0.939176156147244,,,0.939176156147244
1,10,10,stand,0.9626236332671682,,,0.9626236332671682
2,1,1,hit,-0.6669507746855103,-0.05730804666681024,-0.6243905676543714,-0.05730804666681024
2,1,2,hit,-0.29278372720927737,0.046636132695309515,-0.07156995790821606,0.046636132695309515
2,1,3,hit,-0.25225022923571355,0.07411881339274402,-0.00722809451045851,0.07411881339274402
2,1,4,hit,-0.21106310899491437,0.10247714687203516,0.05842651874374489,0.10247714687203516
2,1,5,hit,-0.16719266083547535,0.13336273848321714,0.12595448524867897,0.13336273848321714
2,1,6,double,-0.15369901583000453,0.16169271124923687,0.17974820582791504,0.17974820582791504
2,1,7,hit,-0.47537518327693334,0.12238569517899191,-0.1838655800163816,0.12238569517899191
2,1,8,hit,-0.5105175154976173,0.05405707019631126,-0.31444090236733896,0.05405707019631126
2,1,9,hit,-0.5431496811311094,-0.03769468812747994,-0.4563669632837084,-0.03769468812747994
2,1,10,hit,-0.5404303339949851,-0.10485135840627786,-0.5140284882483093,-0.10485135840627786
2,2,1,hit,-0.6669507746855103,-0.2530769944039087,-1.3339015493710207,-0.2530769944039087
2,2,2,hit,-0.29278372720927737,-0.1149133276189214,-0.5855674544185547,-0.1149133276189214
2,2,3,hit,-0.25225022923571355,-0.0826133142997444,-0.5045004584714271,-0.0826133142997444
2,2,4,hit,-0.21106310899491437,-0.049367420106916936,-0.42212621798982874,-0.049367420106916936
2,2,5,hit,-0.16719266083547535,-0.012379926519926506,-0.3343853216709507,-0.012379926519926506
2,2,6,hit,-0.15369901583000453,0.011130417280979762,-0.30739803166000906,0.011130417280979762
2,2,7,hit,-0.47537518327693334,-0.08827920105846375,-0.9507503665538667,-0.08827920105846375
2,2,8,hit,-0.5105175154976173,-0.15933415266020517,-1.0210350309952345,-0.15933415266020517
2,2,9,hit,-0.5431496811311094,-0.24066617915336547,-1.0862993622622188,-0.24066617915336547
2,2,10,hit,-0.5404303339949851,-0.2891979144856752,-1.0808606679899702,-0.2891979144856752
2,3,1,hit,-0.6669507746855103,-0.2785745975518197,-1.3339015493710207,-0.2785745975518197
2,3,2,hit,-0.29278372720927737,-0.1282155670637475,-0.5855674544185547,-0.1282155670637475
2,3,3,hit,-0.25225022923571355,-0.09531022726148991,-0.5045004584714271,-0.09531022726148991
2,3,4,hit,-0.21106310899491437,-0.06147946419969426,-0.42212621798982874,-0.06147946419969426
2,3,5,hit,-0.16719266083547535,-0.02397897039185975,-0.3343853216709507,-0.02397897039185975
2,3,6,hit,-0.15369901583000453,-0.0011863378384402046,-0.30739803166000906,-0.0011863378384402046
2,3,7,hit,-0.47537518327693334,-0.11944744188414855,-0.9507503665538667,-0.11944744188414855
2,3,8,hit,-0.5105175154976173,-0.18809330390318527,-1.0210350309952345,-0.18809330390318527
2,3,9,hit,-0.5431496811311094,-0.26661505335795904,-1.0862993622622188,-0.26661505335795904
2,3,10,hit,-0.5404303339949851,-0.3134116433649711,-1.0808606679899702,-0.3134116433649711
2,4,1,hit,-0.6669507746855103,-0.30414663097569933,-1.304837349418594,-0.30414663097569933
2,4,2,hit,-0.29278372720927737,-0.14075911746001993,-0.5640583560296724,-0.14075911746001993
2,4,3,hit,-0.25225022923571355,-0.1072910780086084,-0.48372599880817485,-0.1072910780086084
2,4,4,hit,-0.21106310899491437,-0.07291714192638732,-0.40205087401296746,-0.07291714192638732
2,4,5,hit,-0.16719266083547535,-0.03491597333010231,-0.3155774316293275,-0.03491597333010231
2,4,6,hit,-0.15369901583000453,-0.013005835529874334,-0.28194600450564805,-0.013005835529874334
2,4,7,hit,-0.47537518327693334,-0.1519327072366995,-0.894047875200907,-0.1519327072366995
2,4,8,hit,-0.5105175154976173,-0.2172418813207848,-1.0012555626184392,-0.2172418813207848
2,4,9,hit,-0.5431496811311094,-0.29264070019772603,-1.0678385251105431,-0.29264070019772603
2,4,10,hit,-0.5404303339949851,-0.33774944037840815,-1.0622899449028678,-0.33774944037840815
2,5,1,hit,-0.6669507746855103,-0.310071650331637,-1.130452149704034,-0.310071650331637
2,5,2,hit,-0.29278372720927737,-0.10918342786661638,-0.43575788710453833,-0.10918342786661638
2,5,3,hit,-0.25225022923571355,-0.07658298190446361,-0.3597794964219526,-0.07658298190446361
2,5,4,hit,-0.21106310899491437,-0.04302179400434189,-0.2822990657450914,-0.04302179400434189
2,5,5,hit,-0.16719266083547535,-0.007271360902941012,-0.2027300913795883,-0.007271360902941012
2,5,6,hit,-0.15369901583000453,0.029185342353860846,-0.13833716429227233,0.029185342353860846
2,5,7,hit,-0.47537518327693334,-0.06880779958042782,-0.5893358856630299,-0.06880779958042782
2,5,8,hit,-0.5105175154976173,-0.21060476872434974,-0.8470757937777852,-0.21060476872434974
2,5,9,hit,-0.5431496811311094,-0.2853654404868766,-0.957073502200489,-0.2853654404868766
2,5,10,hit,-0.5404303339949851,-0.31905479139833853,-0.9508656063802539,-0.31905479139833853
2,6,1,hit,-0.6669507746855103,-0.19702881057416358,-0.810745950227341,-0.19702881057416358
2,6,2,hit,-0.29278372720927737,-0.02179818800880571,-0.20449052049882196,-0.02179818800880571
2,6,3,hit,-0.25225022923571355,0.008005262530654663,-0.13621609509408678,0.008005262530654663
2,6,4,hit,-0.21106310899491437,0.03878447327720879,-0.06637207115265836,0.03878447327720879
2,6,5,hit,-0.16719266083547535,0.07080463598303369,0.003456443484975325,0.07080463598303369
2,6,6,hit,-0.15369901583000453,0.11496015009622318,0.08701519812895744,0.11496015009622318
2,6,7,hit,-0.47537518327693334,0.08220743936374282,-0.1877295549725523,0.08220743936374282
2,6,8,hit,-0.5105175154976173,-0.05989827565865634,-0.4519868487336276,-0.05989827565865634
2,6,9,hit,-0.5431496811311094,-0.21018633199821765,-0.7185013349521747,-0.21018633199821765
2,6,10,hit,-0.5404303339949851,-0.24937508055334265,-0.7465876524221282,-0.24937508055334265
2,7,1,hit,-0.6669507746855103,-0.06568077877806619,-0.4329113508457944,-0.06568077877806619
2,7,2,hit,-0.29278372720927737,0.0744460375763405,0.061118503166596935,0.0744460375763405
2,7,3,double,-0.25225022923571355,0.10126470173887674,0.12081635332999653,0.12081635332999653
2,7,4,double,-0.21106310899491437,0.12898088119574175,0.1819489340524216,0.1819489340524216
2,7,5,double,-0.16719266083547535,0.1580318562665172,0.24305722487303605,0.24305722487303605
2,7,6,double,-0.15369901583000453,0.19601883925727873,0.3170547457016668,0.3170547457016668
2,7,7,hit,-0.47537518327693334,0.1718678599369526,0.10425035196048571,0.1718678599369526
2,7,8,hit,-0.5105175154976173,0.09837621743539247,-0.02644228964866949,0.09837621743539247
2,7,9,hit,-0.5431496811311094,-0.052178053462651745,-0.3009956590809824,-0.052178053462651745
2,7,10,hit,-0.5404303339949851,-0.1529529848745508,-0.46670671382825935,-0.1529529848745508
2,8,1,hit,-0.6669507746855103,0.08144970794527591,-0.01404236865341169,0.08144970794527591
2,8,2,double,-0.29278372720927737,0.18249999400904487,0.3589394124422991,0.3589394124422991
2,8,3,double,-0.25225022923571355,0.20608797581394087,0.40932067017593915,0.40932067017593915
2,8,4,double,-0.21106310899491437,0.23047012189717692,0.46094024379435383,0.46094024379435383
2,8,5,double,-0.16719266083547535,0.25625855450163376,0.5125171090032675,0.5125171090032675
2,8,6,double,-0.15369901583000453,0.28779508429888423,0.5755901685977685,0.5755901685977685
2,8,7,double,-0.47537518327693334,0.2569087443360865,0.39241245528243757,0.39241245528243757
2,8,8,double,-0.5105175154976173,0.19795370833197604,0.2866357168862836,0.2866357168862836
2,8,9,double,-0.5431496811311094,0.11652959106928386,0.1443283683807711,0.1443283683807711
2,8,10,hit,-0.5404303339949851,0.0253085230408681,-0.008658688034544837,0.0253085230408681
2,9,1,hit,-0.6669507746855103,0.14300128216153024,0.10906077977909696,0.14300128216153024
2,9,2,double,-0.29278372720927737,0.23835074945762974,0.47064092333946883,0.47064092333946883
2,9,3,double,-0.25225022923571355,0.26032526728707966,0.5177952531222166,0.5177952531222166
2,9,4,double,-0.21106310899491437,0.2830202752089879,0.5660405504179759,0.5660405504179759
2,9,5,double,-0.16719266083547535,0.30734950895451385,0.6146990179090277,0.6146990179090277
2,9,6,double,-0.15369901583000453,0.33369004745378467,0.6673800949075693,0.6673800949075693
2,9,7,double,-0.47537518327693334,0.2921469911270131,0.4628889488642907,0.4628889488642907
2,9,8,double,-0.5105175154976173,0.2299821453239917,0.3506925908703149,0.3506925908703149
2,9,9,double,-0.5431496811311094,0.1582571184551257,0.22778342315245476,0.22778342315245476
2,9,10,double,-0.5404303339949851,0.11948223076371356,0.17968872741114608,0.17968872741114608
2,10,1,hit,-0.6669507746855103,-0.35054034044008003,-0.8293439370786727,-0.35054034044008003
2,10,2,hit,-0.29278372720927737,-0.2533899859666381,-0.5067799719332762,-0.2533899859666381
2,10,3,hit,-0.25225022923571355,-0.23369089979808663,-0.46738179959617326,-0.23369089979808663
2,10,4,stand,-0.21106310899491437,-0.21353655324507698,-0.42707310649015395,-0.21106310899491437
2,10,5,stand,-0.16719266083547535,-0.19327116942628347,-0.38654233885256695,-0.16719266083547535
2,10,6,stand,-0.15369901583000453,-0.17052619990757956,-0.3410523998151591,-0.15369901583000453
2,10,7,hit,-0.47537518327693334,-0.2128477145173143,-0.5067116210767303,-0.2128477145173143
2,10,8,hit,-0.5105175154976173,-0.27157480502428616,-0.6156608928303438,-0.27157480502428616
2,10,9,hit,-0.5431496811311094,-0.3400132806089356,-0.7375056210491795,-0.3400132806089356
2,10,10,hit,-0.5404303339949851,-0.38104299284808774,-0.7968405904052415,-0.38104299284808774
3,1,1,hit,-0.6669507746855103,-0.09387432476831009,-0.6243905676543714,-0.09387432476831009
3,1,2,hit,-0.29278372720927737,0.022391856987839028,-0.07156995790821606,0.022391856987839028
3,1,3,hit,-0.25225022923571355,0.05080673891928277,-0.00722809451045851,0.05080673891928277
3,1,4,hit,-0.21106310899491437,0.08008141431011019,0.05842651874374489,0.08008141431011019
3,1,5,double,-0.16719266083547535,0.11189449567473911,0.12595448524867897,0.12595448524867897
3,1,6,double,-0.15369901583000453,0.13916473074357677,0.17974820582791504,0.17974820582791504
3,1,7,hit,-0.47537518327693334,0.07950748849446812,-0.1838655800163816,0.07950748849446812
3,1,8,hit,-0.5105175154976173,0.013277219463208409,-0.31444090236733896,0.013277219463208409
3,1,9,hit,-0.5431496811311094,-0.07516318944168386,-0.4563669632837084,-0.07516318944168386
3,1,10,hit,-0.5404303339949851,-0.13946678217545458,-0.5140284882483093,-0.13946678217545458
3,2,1,hit,-0.6669507746855103,-0.2785745975518197,-1.3339015493710207,-0.2785745975518197
3,2,2,hit,-0.29278372720927737,-0.1282155670637475,-0.5855674544185547,-0.1282155670637475
3,2,3,hit,-0.25225022923571355,-0.09531022726148991,-0.5045004584714271,-0.09531022726148991
3,2,4,hit,-0.21106310899491437,-0.06147946419969426,-0.42212621798982874,-0.06147946419969426
3,2,5,hit,-0.16719266083547535,-0.02397897039185975,-0.3343853216709507,-0.02397897039185975
3,2,6,hit,-0.15369901583000453,-0.0011863378384402046,-0.30739803166000906,-0.0011863378384402046
3,2,7,hit,-0.47537518327693334,-0.11944744188414855,-0.9507503665538667,-0.11944744188414855
3,2,8,hit,-0.5105175154976173,-0.18809330390318527,-1.0210350309952345,-0.18809330390318527
3,2,9,hit,-0.5431496811311094,-0.26661505335795904,-1.0862993622622188,-0.26661505335795904
3,2,10,hit,-0.5404303339949851,-0.3134116433649711,-1.0808606679899702,-0.3134116433649711
3,3,1,hit,-0.6669507746855103,-0.30414663097569933,-1.304837349418594,-0.30414663097569933
3,3,2,hit,-0.29278372720927737,-0.14075911746001993,-0.5640583560296724,-0.14075911746001993
3,3,3,hit,-0.25225022923571355,-0.1072910780086084,-0.48372599880817485,-0.1072910780086084
3,3,4,hit,-0.21106310899491437,-0.07291714192638732,-0.40205087401296746,-0.07291714192638732
3,3,5,hit,-0.16719266083547535,-0.03491597333010231,-0.3155774316293275,-0.03491597333010231
3,3,6,hit,-0.15369901583000453,-0.013005835529874334,-0.28194600450564805,-0.013005835529874334
3,3,7,hit,-0.47537518327693334,-0.1519327072366995,-0.894047875200907,-0.1519327072366995
3,3,8,hit,-0.5105175154976173,-0.2172418813207848,-1.0012555626184392,-0.2172418813207848
3,3,9,hit,-0.5431496811311094,-0.29264070019772603,-1.0678385251105431,-0.29264070019772603
3,3,10,hit,-0.5404303339949851,-0.33774944037840815,-1.0622899449028678,-0.33774944037840815
3,4,1,hit,-0.6669507746855103,-0.310071650331637,-1.130452149704034,-0.310071650331637
3,4,2,hit,-0.29278372720927737,-0.10918342786661638,-0.43575788710453833,-0.10918342786661638
3,4,3,hit,-0.25225022923571355,-0.07658298190446361,-0.3597794964219526,-0.07658298190446361
3,4,4,hit,-0.21106310899491437,-0.04302179400434189,-0.2822990657450914,-0.04302179400434189
3,4,5,hit,-0.16719266083547535,-0.007271360902941012,-0.2027300913795883,-0.007271360902941012
3,4,6,hit,-0.15369901583000453,0.029185342353860846,-0.13833716429227233,0.029185342353860846
3,4,7,hit,-0.47537518327693334,-0.06880779958042782,-0.5893358856630299,-0.06880779958042782
3,4,8,hit,-0.5105175154976173,-0.21060476872434974,-0.8470757937777852,-0.21060476872434974
3,4,9,hit,-0.5431496811311094,-0.2853654404868766,-0.957073502200489,-0.2853654404868766
3,4,10,hit,-0.5404303339949851,-0.31905479139833853,-0.9508656063802539,-0.31905479139833853
3,5,1,hit,-0.6669507746855103,-0.19702881057416358,-0.810745950227341,-0.19702881057416358
3,5,2,hit,-0.29278372720927737,-0.02179818800880571,-0.20449052049882196,-0.02179818800880571
3,5,3,hit,-0.25225022923571355,0.008005262530654663,-0.13621609509408678,0.008005262530654663
3,5,4,hit,-0.21106310899491437,0.03878447327720879,-0.06637207115265836,0.03878447327720879
3,5,5,hit,-0.16719266083547535,0.07080463598303369,0.003456443484975325,0.07080463598303369
3,5,6,hit,-0.15369901583000453,0.11496015009622318,0.08701519812895744,0.11496015009622318
3,5,7,hit,-0.47537518327693334,0.08220743936374282,-0.1877295549725523,0.08220743936374282
3,5,8,hit,-0.5105175154976173,-0.05989827565865634,-0.4519868487336276,-0.05989827565865634
3,5,9,hit,-0.5431496811311094,-0.21018633199821765,-0.7185013349521747,-0.21018633199821765
3,5,10,hit,-0.5404303339949851,-0.24937508055334265,-0.7465876524221282,-0.24937508055334265
3,6,1,hit,-0.6669507746855103,-0.06568077877806619,-0.4329113508457944,-0.06568077877806619
3,6,2,hit,-0.29278372720927737,0.0744460375763405,0.061118503166596935,0.0744460375763405
3,6,3,double,-0.25225022923571355,0.10126470173887674,0.12081635332999653,0.12081635332999653
3,6,4,double,-0.21106310899491437,0.12898088119574175,0.1819489340524216,0.1819489340524216
3,6,5,double,-0.16719266083547535,0.1580318562665172,0.24305722487303605,0.24305722487303605
3,6,6,double,-0.15369901583000453,0.19601883925727873,0.3170547457016668,0.3170547457016668
3,6,7,hit,-0.47537518327693334,0.1718678599369526,0.10425035196048571,0.1718678599369526
3,6,8,hit,-0.5105175154976173,0.09837621743539247,-0.02644228964866949,0.09837621743539247
3,6,9,hit,-0.5431496811311094,-0.052178053462651745,-0.3009956590809824,-0.052178053462651745
3,6,10,hit,-0.5404303339949851,-0.1529529848745508,-0.46670671382825935,-0.1529529848745508
3,7,1,hit,-0.6669507746855103,0.08144970794527591,-0.01404236865341169,0.08144970794527591
3,7,2,double,-0.29278372720927737,0.18249999400904487,0.3589394124422991,0.3589394124422991
3,7,3,double,-0.25225022923571355,0.20608797581394087,0.40932067017593915,0.40932067017593915
3,7,4,double,-0.21106310899491437,0.23047012189717692,0.46094024379435383,0.46094024379435383
3,7,5,double,-0.16719266083547535,0.25625855450163376,0.5125171090032675,0.5125171090032675
3,7,6,double,-0.15369901583000453,0.28779508429888423,0.5755901685977685,0.5755901685977685
3,7,7,double,-0.47537518327693334,0.2569087443360865,0.39241245528243757,0.39241245528243757
3,7,8,double,-0.5105175154976173,0.19795370833197604,0.2866357168862836,0.2866357168862836
3,7,9,double,-0.5431496811311094,0.11652959106928386,0.1443283683807711,0.1443283683807711
3,7,10,hit,-0.5404303339949851,0.0253085230408681,-0.008658688034544837,0.0253085230408681
3,8,1,hit,-0.6669507746855103,0.14300128216153024,0.10906077977909696,0.14300128216153024
3,8,2,double,-0.29278372720927737,0.23835074945762974,0.47064092333946883,0.47064092333946883
3,8,3,double,-0.25225022923571355,0.26032526728707966,0.5177952531222166,0.5177952531222166
3,8,4,double,-0.21106310899491437,0.2830202752089879,0.5660405504179759,0.5660405504179759
3,8,5,double,-0.16719266083547535,0.30734950895451385,0.6146990179090277,0.6146990179090277
3,8,6,double,-0.15369901583000453,0.33369004745378467,0.6673800949075693,0.6673800949075693
3,8,7,double,-0.47537518327693334,0.2921469911270131,0.4628889488642907,0.4628889488642907
3,8,8,double,-0.5105175154976173,0.2299821453239917,0.3506925908703149,0.3506925908703149
3,8,9,double,-0.5431496811311094,0.1582571184551257,0.22778342315245476,0.22778342315245476
3,8,10,double,-0.5404303339949851,0.11948223076371356,0.17968872741114608,0.17968872741114608
3,9,1,hit,-0.6669507746855103,-0.35054034044008003,-0.8293439370786727,-0.35054034044008003
3,9,2,hit,-0.29278372720927737,-0.2533899859666381,-0.5067799719332762,-0.2533899859666381
3,9,3,hit,-0.25225022923571355,-0.23369089979808663,-0.46738179959617326,-0.23369089979808663
3,9,4,stand,-0.21106310899491437,-0.21353655324507698,-0.42707310649015395,-0.21106310899491437
3,9,5,stand,-0.16719266083547535,-0.19327116942628347,-0.38654233885256695,-0.16719266083547535
3,9,6,stand,-0.15369901583000453,-0.17052619990757956,-0.3410523998151591,-0.15369901583000453
3,9,7,hit,-0.47537518327693334,-0.2128477145173143,-0.5067116210767303,-0.2128477145173143
3,9,8,hit,-0.5105175154976173,-0.27157480502428616,-0.6156608928303438,-0.27157480502428616
3,9,9,hit,-0.5431496811311094,-0.3400132806089356,-0.7375056210491795,-0.3400132806089356
3,9,10,hit,-0.5404303339949851,-0.38104299284808774,-0.7968405904052415,-0.38104299284808774
3,10,1,hit,-0.6669507746855103,-0.39693031612293145,-0.8805822794347481,-0.39693031612293145
3,10,2,stand,-0.29278372720927737,-0.30779123771977057,-0.6155824754395411,-0.29278372720927737
3,10,3,stand,-0.25225022923571355,-0.29121011293380095,-0.5824202258676019,-0.25225022923571355
3,10,4,stand,-0.21106310899491437,-0.2742240063993143,-0.5484480127986286,-0.21106310899491437
3,10,5,stand,-0.16719266083547535,-0.2573332724389392,-0.5146665448778784,-0.16719266083547535
3,10,6,stand,-0.15369901583000453,-0.23562627561296381,-0.47125255122592763,-0.15369901583000453
3,10,7,hit,-0.47537518327693334,-0.2690728777660775,-0.5874231313418175,-0.2690728777660775
3,10,8,hit,-0.5105175154976173,-0.32360517609398004,-0.6909658904460949,-0.32360517609398004
3,10,9,hit,-0.5431496811311094,-0.38715518913686875,-0.8077902854905473,-0.38715518913686875
3,10,10,hit,-0.5404303339949851,-0.4252542076446529,-0.8675436159444746,-0.4252542076446529
4,1,1,hit,-0.6669507746855103,-0.1300265016784385,-0.6243905676543714,-0.1300265016784385
4,1,2,hit,-0.29278372720927737,-0.00012068474052642708,-0.07156995790821606,-0.00012068474052642708
4,1,3,hit,-0.25225022923571355,0.029159812622497318,-0.00722809451045851,0.029159812622497318
4,1,4,hit,-0.21106310899491437,0.05928537693117987,0.05842651874374489,0.05928537693117987
4,1,5,double,-0.16719266083547535,0.09195969878115236,0.12595448524867897,0.12595448524867897
4,1,6,double,-0.15369901583000453,0.11824589170260667,0.17974820582791504,0.17974820582791504
4,1,7,hit,-0.47537518327693334,0.0370282822792692,-0.1838655800163816,0.0370282822792692
4,1,8,hit,-0.5105175154976173,-0.02705478050290174,-0.31444090236733896,-0.02705478050290174
4,1,9,hit,-0.5431496811311094,-0.11218876868994293,-0.4563669632837084,-0.11218876868994293
4,1,10,hit,-0.5404303339949851,-0.17370423031226792,-0.5140284882483093,-0.17370423031226792
4,2,1,hit,-0.6669507746855103,-0.30414663097569933,-1.304837349418594,-0.30414663097569933
4,2,2,hit,-0.29278372720927737,-0.14075911746001993,-0.5640583560296724,-0.14075911746001993
4,2,3,hit,-0.25225022923571355,-0.1072910780086084,-0.48372599880817485,-0.1072910780086084
4,2,4,hit,-0.21106310899491437,-0.07291714192638732,-0.40205087401296746,-0.07291714192638732
4,2,5,hit,-0.16719266083547535,-0.03491597333010231,-0.3155774316293275,-0.03491597333010231
4,2,6,hit,-0.15369901583000453,-0.013005835529874334,-0.28194600450564805,-0.013005835529874334
4,2,7,hit,-0.47537518327693334,-0.1519327072366995,-0.894047875200907,-0.1519327072366995
4,2,8,hit,-0.5105175154976173,-0.2172418813207848,-1.0012555626184392,-0.2172418813207848
4,2,9,hit,-0.5431496811311094,-0.29264070019772603,-1.0678385251105431,-0.29264070019772603
4,2,10,hit,-0.5404303339949851,-0.33774944037840815,-1.0622899449028678,-0.33774944037840815
4,3,1,hit,-0.6669507746855103,-0.310071650331637,-1.130452149704034,-0.310071650331637
4,3,2,hit,-0.29278372720927737,-0.10918342786661638,-0.43575788710453833,-0.10918342786661638
4,3,3,hit,-0.25225022923571355,-0.07658298190446361,-0.3597794964219526,-0.07658298190446361
4,3,4,hit,-0.21106310899491437,-0.04302179400434189,-0.2822990657450914,-0.04302179400434189
4,3,5,hit,-0.16719266083547535,-0.007271360902941012,-0.2027300913795883,-0.007271360902941012
4,3,6,hit,-0.15369901583000453,0.029185342353860846,-0.13833716429227233,0.029185342353860846
4,3,7,hit,-0.47537518327693334,-0.06880779958042782,-0.5893358856630299,-0.06880779958042782
4,3,8,hit,-0.5105175154976173,-0.21060476872434974,-0.8470757937777852,-0.21060476872434974
4,3,9,hit,-0.5431496811311094,-0.2853654404868766,-0.957073502200489,-0.2853654404868766
4,3,10,hit,-0.5404303339949851,-0.31905479139833853,-0.9508656063802539,-0.31905479139833853
4,4,1,hit,-0.6669507746855103,-0.19702881057416358,-0.810745950227341,-0.19702881057416358
4,4,2,hit,-0.29278372720927737,-0.02179818800880571,-0.20449052049882196,-0.02179818800880571
4,4,3,hit,-0.25225022923571355,0.008005262530654663,-0.13621609509408678,0.008005262530654663
4,4,4,hit,-0.21106310899491437,0.03878447327720879,-0.06637207115265836,0.03878447327720879
4,4,5,hit,-0.16719266083547535,0.07080463598303369,0.003456443484975325,0.07080463598303369
4,4,6,hit,-0.15369901583000453,0.11496015009622318,0.08701519812895744,0.11496015009622318
4,4,7,hit,-0.47537518327693334,0.08220743936374282,-0.1877295549725523,0.08220743936374282
4,4,8,hit,-0.5105175154976173,-0.05989827565865634,-0.4519868487336276,-0.05989827565865634
4,4,9,hit,-0.5431496811311094,-0.21018633199821765,-0.7185013349521747,-0.21018633199821765
4,4,10,hit,-0.5404303339949851,-0.24937508055334265,-0.7465876524221282,-0.24937508055334265
4,5,1,hit,-0.6669507746855103,-0.06568077877806619,-0.4329113508457944,-0.06568077877806619
4,5,2,hit,-0.29278372720927737,0.0744460375763405,0.061118503166596935,0.0744460375763405
4,5,3,double,-0.25225022923571355,0.10126470173887674,0.12081635332999653,0.12081635332999653
4,5,4,double,-0.21106310899491437,0.12898088119574175,0.1819489340524216,0.1819489340524216
4,5,5,double,-0.16719266083547535,0.1580318562665172,0.24305722487303605,0.24305722487303605
4,5,6,double,-0.15369901583000453,0.19601883925727873,0.3170547457016668,0.3170547457016668
4,5,7,hit,-0.47537518327693334,0.1718678599369526,0.10425035196048571,0.1718678599369526
4,5,8,hit,-0.5105175154976173,0.09837621743539247,-0.02644228964866949,0.09837621743539247
4,5,9,hit,-0.5431496811311094,-0.052178053462651745,-0.3009956590809824,-0.052178053462651745
4,5,10,hit,-0.5404303339949851,-0.1529529848745508,-0.46670671382825935,-0.1529529848745508
4,6,1,hit,-0.6669507746855103,0.08144970794527591,-0.01404236865341169,0.08144970794527591
4,6,2,double,-0.29278372720927737,0.18249999400904487,0.3589394124422991,0.3589394124422991
4,6,3,double,-0.25225022923571355,0.20608797581394087,0.40932067017593915,0.40932067017593915
4,6,4,double,-0.21106310899491437,0.23047012189717692,0.46094024379435383,0.46094024379435383
4,6,5,double,-0.16719266083547535,0.25625855450163376,0.5125171090032675,0.5125171090032675
4,6,6,double,-0.15369901583000453,0.28779508429888423,0.5755901685977685,0.5755901685977685
4,6,7,double,-0.47537518327693334,0.2569087443360865,0.39241245528243757,0.39241245528243757
4,6,8,double,-0.5105175154976173,0.19795370833197604,0.2866357168862836,0.2866357168862836
4,6,9,double,-0.5431496811311094,0.11652959106928386,0.1443283683807711,0.1443283683807711
4,6,10,hit,-0.5404303339949851,0.0253085230408681,-0.008658688034544837,0.0253085230408681
4,7,1,hit,-0.6669507746855103,0.14300128216153024,0.10906077977909696,0.14300128216153024
4,7,2,double,-0.29278372720927737,0.23835074945762974,0.47064092333946883,0.47064092333946883
4,7,3,double,-0.25225022923571355,0.26032526728707966,0.5177952531222166,0.5177952531222166
4,7,4,double,-0.21106310899491437,0.2830202752089879,0.5660405504179759,0.5660405504179759
4,7,5,double,-0.16719266083547535,0.30734950895451385,0.6146990179090277,0.6146990179090277
4,7,6,double,-0.15369901583000453,0.33369004745378467,0.6673800949075693,0.6673800949075693
4,7,7,double,-0.47537518327693334,0.2921469911270131,0.4628889488642907,0.4628889488642907
4,7,8,double,-0.5105175154976173,0.2299821453239917,0.3506925908703149,0.3506925908703149
4,7,9,double,-0.5431496811311094,0.1582571184551257,0.22778342315245476,0.22778342315245476
4,7,10,double,-0.5404303339949851,0.11948223076371356,0.17968872741114608,0.17968872741114608
4,8,1,hit,-0.6669507746855103,-0.35054034044008003,-0.8293439370786727,-0.35054034044008003
4,8,2,hit,-0.29278372720927737,-0.2533899859666381,-0.5067799719332762,-0.2533899859666381
4,8,3,hit,-0.25225022923571355,-0.23369089979808663,-0.46738179959617326,-0.23369089979808663
4,8,4,stand,-0.21106310899491437,-0.21353655324507698,-0.42707310649015395,-0.21106310899491437
4,8,5,stand,-0.16719266083547535,-0.19327116942628347,-0.38654233885256695,-0.16719266083547535
4,8,6,stand,-0.15369901583000453,-0.17052619990757956,-0.3410523998151591,-0.15369901583000453
4,8,7,hit,-0.47537518327693334,-0.2128477145173143,-0.5067116210767303,-0.2128477145173143
4,8,8,hit,-0.5105175154976173,-0.27157480502428616,-0.6156608928303438,-0.27157480502428616
4,8,9,hit,-0.5431496811311094,-0.3400132806089356,-0.7375056210491795,-0.3400132806089356
4,8,10,hit,-0.5404303339949851,-0.38104299284808774,-0.7968405904052415,-0.38104299284808774
4,9,1,hit,-0.6669507746855103,-0.39693031612293145,-0.8805822794347481,-0.39693031612293145
4,9,2,stand,-0.29278372720927737,-0.30779123771977057,-0.6155824754395411,-0.29278372720927737
4,9,3,stand,-0.25225022923571355,-0.29121011293380095,-0.5824202258676019,-0.25225022923571355
4,9,4,stand,-0.21106310899491437,-0.2742240063993143,-0.5484480127986286,-0.21106310899491437
4,9,5,stand,-0.16719266083547535,-0.2573332724389392,-0.5146665448778784,-0.16719266083547535
4,9,6,stand,-0.15369901583000453,-0.23562627561296381,-0.47125255122592763,-0.15369901583000453
4,9,7,hit,-0.47537518327693334,-0.2690728777660775,-0.5874231313418175,-0.2690728777660775
4,9,8,hit,-0.5105175154976173,-0.32360517609398004,-0.6909658904460949,-0.32360517609398004
4,9,9,hit,-0.5431496811311094,-0.38715518913686875,-0.8077902854905473,-0.38715518913686875
4,9,10,hit,-0.5404303339949851,-0.4252542076446529,-0.8675436159444746,-0.4252542076446529
4,10,1,hit,-0.6669507746855103,-0.44000672211415065,-0.9318206217908234,-0.44000672211415065
4,10,2,stand,-0.29278372720927737,-0.3621924894729031,-0.7243849789458062,-0.29278372720927737
4,10,3,stand,-0.25225022923571355,-0.3487293260695153,-0.6974586521390306,-0.25225022923571355
4,10,4,stand,-0.21106310899491437,-0.33491145955355167,-0.6698229191071033,-0.21106310899491437
4,10,5,stand,-0.16719266083547535,-0.32139537545159497,-0.6427907509031899,-0.16719266083547535
4,10,6,stand,-0.15369901583000453,-0.3007263513183481,-0.6014527026366961,-0.15369901583000453
4,10,7,hit,-0.47537518327693334,-0.32128195792564346,-0.6681346416069046,-0.32128195792564346
4,10,8,hit,-0.5105175154976173,-0.37191909208726714,-0.7662708880618461,-0.37191909208726714
4,10,9,hit,-0.5431496811311094,-0.4309298184842353,-0.878074949931915,-0.4309298184842353
4,10,10,hit,-0.5404303339949851,-0.4663074785271777,-0.9382466414837076,-0.4663074785271777
5,1,1,hit,-0.6669507746855103,-0.16563717206687348,-0.6243905676543714,-0.16563717206687348
5,1,2,hit,-0.29278372720927737,-0.021025187774008636,-0.07156995790821606,-0.021025187774008636
5,1,3,hit,-0.25225022923571355,0.009059095346910828,-0.00722809451045851,0.009059095346910828
5,1,4,double,-0.21106310899491437,0.03997477079360171,0.05842651874374489,0.05842651874374489
5,1,5,double,-0.16719266083547535,0.07344881595139324,0.12595448524867897,0.12595448524867897
5,1,6,double,-0.15369901583000453,0.0988212554502773,0.17974820582791504,0.17974820582791504
5,1,7,hit,-0.47537518327693334,-0.004890157173015932,-0.1838655800163816,-0.004890157173015932
5,1,8,hit,-0.5105175154976173,-0.06679484792009416,-0.31444090236733896,-0.06679484792009416
5,1,9,hit,-0.5431496811311094,-0.14864353463007476,-0.4563669632837084,-0.14864353463007476
5,1,10,hit,-0.5404303339949851,-0.20744109003068212,-0.5140284882483093,-0.20744109003068212
5,2,1,hit,-0.6669507746855103,-0.310071650331637,-1.130452149704034,-0.310071650331637
5,2,2,hit,-0.29278372720927737,-0.10918342786661638,-0.43575788710453833,-0.10918342786661638
5,2,3,hit,-0.25225022923571355,-0.07658298190446361,-0.3597794964219526,-0.07658298190446361
5,2,4,hit,-0.21106310899491437,-0.04302179400434189,-0.2822990657450914,-0.04302179400434189
5,2,5,hit,-0.16719266083547535,-0.007271360902941012,-0.2027300913795883,-0.007271360902941012
5,2,6,hit,-0.15369901583000453,0.029185342353860846,-0.13833716429227233,0.029185342353860846
5,2,7,hit,-0.47537518327693334,-0.06880779958042782,-0.5893358856630299,-0.06880779958042782
5,2,8,hit,-0.5105175154976173,-0.21060476872434974,-0.8470757937777852,-0.21060476872434974
5,2,9,hit,-0.5431496811311094,-0.2853654404868766,-0.957073502200489,-0.2853654404868766
5,2,10,hit,-0.5404303339949851,-0.31905479139833853,-0.9508656063802539,-0.31905479139833853
5,3,1,hit,-0.6669507746855103,-0.19702881057416358,-0.810745950227341,-0.19702881057416358
5,3,2,hit,-0.29278372720927737,-0.02179818800880571,-0.20449052049882196,-0.02179818800880571
5,3,3,hit,-0.25225022923571355,0.008005262530654663,-0.13621609509408678,0.008005262530654663
5,3,4,hit,-0.21106310899491437,0.03878447327720879,-0.06637207115265836,0.03878447327720879
5,3,5,hit,-0.16719266083547535,0.07080463598303369,0.003456443484975325,0.07080463598303369
5,3,6,hit,-0.15369901583000453,0.11496015009622318,0.08701519812895744,0.11496015009622318
5,3,7,hit,-0.47537518327693334,0.08220743936374282,-0.1877295549725523,0.08220743936374282
5,3,8,hit,-0.5105175154976173,-0.05989827565865634,-0.4519868487336276,-0.05989827565865634
5,3,9,hit,-0.5431496811311094,-0.21018633199821765,-0.7185013349521747,-0.21018633199821765
5,3,10,hit,-0.5404303339949851,-0.24937508055334265,-0.7465876524221282,-0.24937508055334265
5,4,1,hit,-0.6669507746855103,-0.06568077877806619,-0.4329113508457944,-0.06568077877806619
5,4,2,hit,-0.29278372720927737,0.0744460375763405,0.061118503166596935,0.0744460375763405
5,4,3,double,-0.25225022923571355,0.10126470173887674,0.12081635332999653,0.12081635332999653
5,4,4,double,-0.21106310899491437,0.12898088119574175,0.1819489340524216,0.1819489340524216
5,4,5,double,-0.16719266083547535,0.1580318562665172,0.24305722487303605,0.24305722487303605
5,4,6,double,-0.15369901583000453,0.19601883925727873,0.3170547457016668,0.3170547457016668
5,4,7,hit,-0.47537518327693334,0.1718678599369526,0.10425035196048571,0.1718678599369526
5,4,8,hit,-0.5105175154976173,0.09837621743539247,-0.02644228964866949,0.09837621743539247
5,4,9,hit,-0.5431496811311094,-0.052178053462651745,-0.3009956590809824,-0.052178053462651745
5,4,10,hit,-0.5404303339949851,-0.1529529848745508,-0.46670671382825935,-0.1529529848745508
5,5,1,hit,-0.6669507746855103,0.08144970794527591,-0.01404236865341169,0.08144970794527591
5,5,2,double,-0.29278372720927737,0.18249999400904487,0.3589394124422991,0.3589394124422991
5,5,3,double,-0.25225022923571355,0.20608797581394087,0.40932067017593915,0.40932067017593915
5,5,4,double,-0.21106310899491437,0.23047012189717692,0.46094024379435383,0.46094024379435383
5,5,5,double,-0.16719266083547535,0.25625855450163376,0.5125171090032675,0.5125171090032675
5,5,6,double,-0.15369901583000453,0.28779508429888423,0.5755901685977685,0.5755901685977685
5,5,7,double,-0.47537518327693334,0.2569087443360865,0.39241245528243757,0.39241245528243757
5,5,8,double,-0.5105175154976173,0.19795370833197604,0.2866357168862836,0.2866357168862836
5,5,9,double,-0.5431496811311094,0.11652959106928386,0.1443283683807711,0.1443283683807711
5,5,10,hit,-0.5404303339949851,0.0253085230408681,-0.008658688034544837,0.0253085230408681
5,6,1,hit,-0.6669507746855103,0.14300128216153024,0.10906077977909696,0.14300128216153024
5,6,2,double,-0.29278372720927737,0.23835074945762974,0.47064092333946883,0.47064092333946883
5,6,3,double,-0.25225022923571355,0.26032526728707966,0.5177952531222166,0.5177952531222166
5,6,4,double,-0.21106310899491437,0.2830202752089879,0.5660405504179759,0.5660405504179759
5,6,5,double,-0.16719266083547535,0.30734950895451385,0.6146990179090277,0.6146990179090277
5,6,6,double,-0.15369901583000453,0.33369004745378467,0.6673800949075693,0.6673800949075693
5,6,7,double,-0.47537518327693334,0.2921469911270131,0.4628889488642907,0.4628889488642907
5,6,8,double,-0.5105175154976173,0.2299821453239917,0.3506925908703149,0.3506925908703149
5,6,9,double,-0.5431496811311094,0.1582571184551257,0.22778342315245476,0.22778342315245476
5,6,10,double,-0.5404303339949851,0.11948223076371356,0.17968872741114608,0.17968872741114608
5,7,1,hit,-0.6669507746855103,-0.35054034044008003,-0.8293439370786727,-0.35054034044008003
5,7,2,hit,-0.29278372720927737,-0.2533899859666381,-0.5067799719332762,-0.2533899859666381
5,7,3,hit,-0.25225022923571355,-0.23369089979808663,-0.46738179959617326,-0.23369089979808663
5,7,4,stand,-0.21106310899491437,-0.21353655324507698,-0.42707310649015395,-0.21106310899491437
5,7,5,stand,-0.16719266083547535,-0.19327116942628347,-0.38654233885256695,-0.16719266083547535
5,7,6,stand,-0.15369901583000453,-0.17052619990757956,-0.3410523998151591,-0.15369901583000453
5,7,7,hit,-0.47537518327693334,-0.2128477145173143,-0.5067116210767303,-0.2128477145173143
5,7,8,hit,-0.5105175154976173,-0.27157480502428616,-0.6156608928303438,-0.27157480502428616
5,7,9,hit,-0.5431496811311094,-0.3400132806089356,-0.7375056210491795,-0.3400132806089356
5,7,10,hit,-0.5404303339949851,-0.38104299284808774,-0.7968405904052415,-0.38104299284808774
5,8,1,hit,-0.6669507746855103,-0.39693031612293145,-0.8805822794347481,-0.39693031612293145
5,8,2,stand,-0.29278372720927737,-0.30779123771977057,-0.6155824754395411,-0.29278372720927737
5,8,3,stand,-0.25225022923571355,-0.29121011293380095,-0.5824202258676019,-0.25225022923571355
5,8,4,stand,-0.21106310899491437,-0.2742240063993143,-0.5484480127986286,-0.21106310899491437
5,8,5,stand,-0.16719266083547535,-0.2573332724389392,-0.5146665448778784,-0.16719266083547535
5,8,6,stand,-0.15369901583000453,-0.23562627561296381,-0.47125255122592763,-0.15369901583000453
5,8,7,hit,-0.47537518327693334,-0.2690728777660775,-0.5874231313418175,-0.2690728777660775
5,8,8,hit,-0.5105175154976173,-0.32360517609398004,-0.6909658904460949,-0.32360517609398004
5,8,9,hit,-0.5431496811311094,-0.38715518913686875,-0.8077902854905473,-0.38715518913686875
5,8,10,hit,-0.5404303339949851,-0.4252542076446529,-0.8675436159444746,-0.4252542076446529
5,9,1,hit,-0.6669507746855103,-0.44000672211415065,-0.9318206217908234,-0.44000672211415065
5,9,2,stand,-0.29278372720927737,-0.3621924894729031,-0.7243849789458062,-0.29278372720927737
5,9,3,stand,-0.25225022923571355,-0.3487293260695153,-0.6974586521390306,-0.25225022923571355
5,9,4,stand,-0.21106310899491437,-0.33491145955355167,-0.6698229191071033,-0.21106310899491437
5,9,5,stand,-0.16719266083547535,-0.32139537545159497,-0.6427907509031899,-0.16719266083547535
5,9,6,stand,-0.15369901583000453,-0.3007263513183481,-0.6014527026366961,-0.15369901583000453
5,9,7,hit,-0.47537518327693334,-0.32128195792564346,-0.6681346416069046,-0.32128195792564346
5,9,8,hit,-0.5105175154976173,-0.37191909208726714,-0.7662708880618461,-0.37191909208726714
5,9,9,hit,-0.5431496811311094,-0.4309298184842353,-0.878074949931915,-0.4309298184842353
5,9,10,hit,-0.5404303339949851,-0.4663074785271777,-0.9382466414837076,-0.4663074785271777
5,10,1,hit,-0.6669507746855103,-0.4800062419631399,-0.9830589641468988,-0.4800062419631399
5,10,2,stand,-0.29278372720927737,-0.4165937412260356,-0.8331874824520712,-0.29278372720927737
5,10,3,stand,-0.25225022923571355,-0.40624853920522963,-0.8124970784104593,-0.25225022923571355
5,10,4,stand,-0.21106310899491437,-0.3955989127077891,-0.7911978254155781,-0.21106310899491437
5,10,5,stand,-0.16719266083547535,-0.3854574784642507,-0.7709149569285014,-0.16719266083547535
5,10,6,stand,-0.15369901583000453,-0.36582642702373236,-0.7316528540474647,-0.15369901583000453
5,10,7,hit,-0.47537518327693334,-0.36976181807381175,-0.7488461518719918,-0.36976181807381175
5,10,8,hit,-0.5105175154976173,-0.41678201408103377,-0.8415758856775972,-0.41678201408103377
5,10,9,hit,-0.5431496811311094,-0.4715776885925042,-0.9483596143732829,-0.4715776885925042
5,10,10,hit,-0.5404303339949851,-0.5044283729180936,-1.0089496670229408,-0.5044283729180936
6,1,1,hit,-0.4780334749947371,-0.17956936979241733,-0.5371979677970915,-0.17956936979241733
6,1,2,hit,-0.15297458768154204,-0.0004910435828891727,-0.007042662741569001,-0.0004910435828891727
6,1,3,double,-0.11721624142457363,0.028975282965620495,0.05509528447929838,0.05509528447929838
6,1,4,double,-0.08057337314531614,0.05932627533716434,0.11865255067432869,0.11865255067432869
6,1,5,double,-0.04494137556492456,0.09118907768677428,0.18237815537354857,0.18237815537354857
6,1,6,double,0.011739160673341858,0.128052143645499,0.256104287290998,0.256104287290998
6,1,7,hit,-0.10680898948269474,0.0538234637161166,-0.013758105957502233,0.0538234637161166
6,1,8,hit,-0.3819509710484473,-0.07291539872964217,-0.2551024972369528,-0.07291539872964217
6,1,9,hit,-0.4231542396452174,-0.14978689218213329,-0.40098445182868137,-0.14978689218213329
6,1,10,hit,-0.4197206339288199,-0.19686697623363475,-0.45831631898700226,-0.19686697623363475
6,2,1,hit,-0.6669507746855103,-0.19702881057416358,-0.810745950227341,-0.19702881057416358
6,2,2,hit,-0.29278372720927737,-0.02179818800880571,-0.20449052049882196,-0.02179818800880571
6,2,3,hit,-0.25225022923571355,0.008005262530654663,-0.13621609509408678,0.008005262530654663
6,2,4,hit,-0.21106310899491437,0.03878447327720879,-0.06637207115265836,0.03878447327720879
6,2,5,hit,-0.16719266083547535,0.07080463598303369,0.003456443484975325,0.07080463598303369
6,2,6,hit,-0.15369901583000453,0.11496015009622318,0.08701519812895744,0.11496015009622318
6,2,7,hit,-0.47537518327693334,0.08220743936374282,-0.1877295549725523,0.08220743936374282
6,2,8,hit,-0.5105175154976173,-0.05989827565865634,-0.4519868487336276,-0.05989827565865634
6,2,9,hit,-0.5431496811311094,-0.21018633199821765,-0.7185013349521747,-0.21018633199821765
6,2,10,hit,-0.5404303339949851,-0.24937508055334265,-0.7465876524221282,-0.24937508055334265
6,3,1,hit,-0.6669507746855103,-0.06568077877806619,-0.4329113508457944,-0.06568077877806619
6,3,2,hit,-0.29278372720927737,0.0744460375763405,0.061118503166596935,0.0744460375763405
6,3,3,double,-0.25225022923571355,0.10126470173887674,0.12081635332999653,0.12081635332999653
6,3,4,double,-0.21106310899491437,0.12898088119574175,0.1819489340524216,0.1819489340524216
6,3,5,double,-0.16719266083547535,0.1580318562665172,0.24305722487303605,0.24305722487303605
6,3,6,double,-0.15369901583000453,0.19601883925727873,0.3170547457016668,0.3170547457016668
6,3,7,hit,-0.47537518327693334,0.1718678599369526,0.10425035196048571,0.1718678599369526
6,3,8,hit,-0.5105175154976173,0.09837621743539247,-0.02644228964866949,0.09837621743539247
6,3,9,hit,-0.5431496811311094,-0.052178053462651745,-0.3009956590809824,-0.052178053462651745
6,3,10,hit,-0.5404303339949851,-0.1529529848745508,-0.46670671382825935,-0.1529529848745508
6,4,1,hit,-0.6669507746855103,0.08144970794527591,-0.01404236865341169,0.08144970794527591
6,4,2,double,-0.29278372720927737,0.18249999400904487,0.3589394124422991,0.3589394124422991
6,4,3,double,-0.25225022923571355,0.20608797581394087,0.40932067017593915,0.40932067017593915
6,4,4,double,-0.21106310899491437,0.23047012189717692,0.46094024379435383,0.46094024379435383
6,4,5,double,-0.16719266083547535,0.25625855450163376,0.5125171090032675,0.5125171090032675
6,4,6,double,-0.15369901583000453,0.28779508429888423,0.5755901685977685,0.5755901685977685
6,4,7,double,-0.47537518327693334,0.2569087443360865,0.39241245528243757,0.39241245528243757
6,4,8,double,-0.5105175154976173,0.19795370833197604,0.2866357168862836,0.2866357168862836
6,4,9,double,-0.5431496811311094,0.11652959106928386,0.1443283683807711,0.1443283683807711
6,4,10,hit,-0.5404303339949851,0.0253085230408681,-0.008658688034544837,0.0253085230408681
6,5,1,hit,-0.6669507746855103,0.14300128216153024,0.10906077977909696,0.14300128216153024
6,5,2,double,-0.29278372720927737,0.23835074945762974,0.47064092333946883,0.47064092333946883
6,5,3,double,-0.25225022923571355,0.26032526728707966,0.5177952531222166,0.5177952531222166
6,5,4,double,-0.21106310899491437,0.2830202752089879,0.5660405504179759,0.5660405504179759
6,5,5,double,-0.16719266083547535,0.30734950895451385,0.6146990179090277,0.6146990179090277
6,5,6,double,-0.15369901583000453,0.33369004745378467,0.6673800949075693,0.6673800949075693
6,5,7,double,-0.47537518327693334,0.2921469911270131,0.4628889488642907,0.4628889488642907
6,5,8,double,-0.5105175154976173,0.2299821453239917,0.3506925908703149,0.3506925908703149
6,5,9,double,-0.5431496811311094,0.1582571184551257,0.22778342315245476,0.22778342315245476
6,5,10,double,-0.5404303339949851,0.11948223076371356,0.17968872741114608,0.17968872741114608
6,6,1,hit,-0.6669507746855103,-0.35054034044008003,-0.8293439370786727,-0.35054034044008003
6,6,2,hit,-0.29278372720927737,-0.2533899859666381,-0.5067799719332762,-0.2533899859666381
6,6,3,hit,-0.25225022923571355,-0.23369089979808663,-0.46738179959617326,-0.23369089979808663
6,6,4,stand,-0.21106310899491437,-0.21353655324507698,-0.42707310649015395,-0.21106310899491437
6,6,5,stand,-0.16719266083547535,-0.19327116942628347,-0.38654233885256695,-0.16719266083547535
6,6,6,stand,-0.15369901583000453,-0.17052619990757956,-0.3410523998151591,-0.15369901583000453
6,6,7,hit,-0.47537518327693334,-0.2128477145173143,-0.5067116210767303,-0.2128477145173143
6,6,8,hit,-0.5105175154976173,-0.27157480502428616,-0.6156608928303438,-0.27157480502428616
6,6,9,hit,-0.5431496811311094,-0.3400132806089356,-0.7375056210491795,-0.3400132806089356
6,6,10,hit,-0.5404303339949851,-0.38104299284808774,-0.7968405904052415,-0.38104299284808774
6,7,1,hit,-0.6669507746855103,-0.39693031612293145,-0.8805822794347481,-0.39693031612293145
6,7,2,stand,-0.29278372720927737,-0.30779123771977057,-0.6155824754395411,-0.29278372720927737
6,7,3,stand,-0.25225022923571355,-0.29121011293380095,-0.5824202258676019,-0.25225022923571355
6,7,4,stand,-0.21106310899491437,-0.2742240063993143,-0.5484480127986286,-0.21106310899491437
6,7,5,stand,-0.16719266083547535,-0.2573332724389392,-0.5146665448778784,-0.16719266083547535
6,7,6,stand,-0.15369901583000453,-0.23562627561296381,-0.47125255122592763,-0.15369901583000453
6,7,7,hit,-0.47537518327693334,-0.2690728777660775,-0.5874231313418175,-0.2690728777660775
6,7,8,hit,-0.5105175154976173,-0.32360517609398004,-0.6909658904460949,-0.32360517609398004
6,7,9,hit,-0.5431496811311094,-0.38715518913686875,-0.8077902854905473,-0.38715518913686875
6,7,10,hit,-0.5404303339949851,-0.4252542076446529,-0.8675436159444746,-0.4252542076446529
6,8,1,hit,-0.6669507746855103,-0.44000672211415065,-0.9318206217908234,-0.44000672211415065
6,8,2,stand,-0.29278372720927737,-0.3621924894729031,-0.7243849789458062,-0.29278372720927737
6,8,3,stand,-0.25225022923571355,-0.3487293260695153,-0.6974586521390306,-0.25225022923571355
6,8,4,stand,-0.21106310899491437,-0.33491145955355167,-0.6698229191071033,-0.21106310899491437
6,8,5,stand,-0.16719266083547535,-0.32139537545159497,-0.6427907509031899,-0.16719266083547535
6,8,6,stand,-0.15369901583000453,-0.3007263513183481,-0.6014527026366961,-0.15369901583000453
6,8,7,hit,-0.47537518327693334,-0.32128195792564346,-0.6681346416069046,-0.32128195792564346
6,8,8,hit,-0.5105175154976173,-0.37191909208726714,-0.7662708880618461,-0.37191909208726714
6,8,9,hit,-0.5431496811311094,-0.4309298184842353,-0.878074949931915,-0.4309298184842353
6,8,10,hit,-0.5404303339949851,-0.4663074785271777,-0.9382466414837076,-0.4663074785271777
6,9,1,hit,-0.6669507746855103,-0.4800062419631399,-0.9830589641468988,-0.4800062419631399
6,9,2,stand,-0.29278372720927737,-0.4165937412260356,-0.8331874824520712,-0.29278372720927737
6,9,3,stand,-0.25225022923571355,-0.40624853920522963,-0.8124970784104593,-0.25225022923571355
6,9,4,stand,-0.21106310899491437,-0.3955989127077891,-0.7911978254155781,-0.21106310899491437
6,9,5,stand,-0.16719266083547535,-0.3854574784642507,-0.7709149569285014,-0.16719266083547535
6,9,6,stand,-0.15369901583000453,-0.36582642702373236,-0.7316528540474647,-0.15369901583000453
6,9,7,hit,-0.47537518327693334,-0.36976181807381175,-0.7488461518719918,-0.36976181807381175
6,9,8,hit,-0.5105175154976173,-0.41678201408103377,-0.8415758856775972,-0.41678201408103377
6,9,9,hit,-0.5431496811311094,-0.4715776885925042,-0.9483596143732829,-0.4715776885925042
6,9,10,hit,-0.5404303339949851,-0.5044283729180936,-1.0089496670229408,-0.5044283729180936
6,10,1,hit,-0.6669507746855103,-0.5171486532514871,-1.0342973065029741,-0.5171486532514871
6,10,2,stand,-0.29278372720927737,-0.47099499297916814,-0.9419899859583363,-0.29278372720927737
6,10,3,stand,-0.25225022923571355,-0.463767752340944,-0.927535504681888,-0.25225022923571355
6,10,4,stand,-0.21106310899491437,-0.4562863658620264,-0.9125727317240528,-0.21106310899491437
6,10,5,stand,-0.16719266083547535,-0.44951958147690646,-0.8990391629538129,-0.16719266083547535
6,10,6,stand,-0.15369901583000453,-0.43092650272911664,-0.8618530054582333,-0.15369901583000453
6,10,7,hit,-0.47537518327693334,-0.4147788310685395,-0.829557662137079,-0.4147788310685395
6,10,8,hit,-0.5105175154976173,-0.45844044164667425,-0.9168808832933485,-0.45844044164667425
6,10,9,hit,-0.5431496811311094,-0.5093221394073253,-1.0186442788146506,-0.5093221394073253
6,10,10,hit,-0.5404303339949851,-0.5398263462810868,-1.0796526925621737,-0.5398263462810868
7,1,1,hit,-0.10019887561319059,-0.09293549176928402,-0.36281276808253154,-0.09293549176928402
7,1,2,stand,0.12174190222088768,0.0629050694715177,0.11974956336724472,0.12174190222088768
7,1,3,double,0.14830007284131116,0.09024827856544006,0.1776412756789375,0.1776412756789375
7,1,4,double,0.17585443719748522,0.1185019238778108,0.2370038477556216,0.2370038477556216
7,1,5,double,0.19956119497617703,0.14761274781164388,0.29522549562328776,0.29522549562328776
7,1,6,double,0.2834439160468985,0.19075324103939667,0.38150648207879334,0.38150648207879334
7,1,7,stand,0.39955416733655175,0.17067649990517347,0.21994796642061154,0.39955416733655175
7,1,8,stand,0.10595134861912354,0.03967744427056648,-0.029916811236535494,0.10595134861912354
7,1,9,hit,-0.18316335667343342,-0.10074430758041528,-0.2902194289186272,-0.10074430758041528
7,1,10,hit,-0.17830123379648957,-0.14380812317405361,-0.34689198046438824,-0.14380812317405361
7,2,1,hit,-0.6669507746855103,-0.06568077877806619,-0.4329113508457944,-0.06568077877806619
7,2,2,hit,-0.29278372720927737,0.0744460375763405,0.061118503166596935,0.0744460375763405
7,2,3,double,-0.25225022923571355,0.10126470173887674,0.12081635332999653,0.12081635332999653
7,2,4,double,-0.21106310899491437,0.12898088119574175,0.1819489340524216,0.1819489340524216
7,2,5,double,-0.16719266083547535,0.1580318562665172,0.24305722487303605,0.24305722487303605
7,2,6,double,-0.15369901583000453,0.19601883925727873,0.3170547457016668,0.3170547457016668
7,2,7,hit,-0.47537518327693334,0.1718678599369526,0.10425035196048571,0.1718678599369526
7,2,8,hit,-0.5105175154976173,0.09837621743539247,-0.02644228964866949,0.09837621743539247
7,2,9,hit,-0.5431496811311094,-0.052178053462651745,-0.3009956590809824,-0.052178053462651745
7,2,10,hit,-0.5404303339949851,-0.1529529848745508,-0.46670671382825935,-0.1529529848745508
7,3,1,hit,-0.6669507746855103,0.08144970794527591,-0.01404236865341169,0.08144970794527591
7,3,2,double,-0.29278372720927737,0.18249999400904487,0.3589394124422991,0.3589394124422991
7,3,3,double,-0.25225022923571355,0.20608797581394087,0.40932067017593915,0.40932067017593915
7,3,4,double,-0.21106310899491437,0.23047012189717692,0.46094024379435383,0.46094024379435383
7,3,5,double,-0.16719266083547535,0.25625855450163376,0.5125171090032675,0.5125171090032675
7,3,6,double,-0.15369901583000453,0.28779508429888423,0.5755901685977685,0.5755901685977685
7,3,7,double,-0.47537518327693334,0.2569087443360865,0.39241245528243757,0.39241245528243757
7,3,8,double,-0.5105175154976173,0.19795370833197604,0.2866357168862836,0.2866357168862836
7,3,9,double,-0.5431496811311094,0.11652959106928386,0.1443283683807711,0.1443283683807711
7,3,10,hit,-0.5404303339949851,0.0253085230408681,-0.008658688034544837,0.0253085230408681
7,4,1,hit,-0.6669507746855103,0.14300128216153024,0.10906077977909696,0.14300128216153024
7,4,2,double,-0.29278372720927737,0.23835074945762974,0.47064092333946883,0.47064092333946883
7,4,3,double,-0.25225022923571355,0.26032526728707966,0.5177952531222166,0.5177952531222166
7,4,4,double,-0.21106310899491437,0.2830202752089879,0.5660405504179759,0.5660405504179759
7,4,5,double,-0.16719266083547535,0.30734950895451385,0.6146990179090277,0.6146990179090277
7,4,6,double,-0.15369901583000453,0.33369004745378467,0.6673800949075693,0.6673800949075693
7,4,7,double,-0.47537518327693334,0.2921469911270131,0.4628889488642907,0.4628889488642907
7,4,8,double,-0.5105175154976173,0.2299821453239917,0.3506925908703149,0.3506925908703149
7,4,9,double,-0.5431496811311094,0.1582571184551257,0.22778342315245476,0.22778342315245476
7,4,10,double,-0.5404303339949851,0.11948223076371356,0.17968872741114608,0.17968872741114608
7,5,1,hit,-0.6669507746855103,-0.35054034044008003,-0.8293439370786727,-0.35054034044008003
7,5,2,hit,-0.29278372720927737,-0.2533899859666381,-0.5067799719332762,-0.2533899859666381
7,5,3,hit,-0.25225022923571355,-0.23369089979808663,-0.46738179959617326,-0.23369089979808663
7,5,4,stand,-0.21106310899491437,-0.21353655324507698,-0.42707310649015395,-0.21106310899491437
7,5,5,stand,-0.16719266083547535,-0.19327116942628347,-0.38654233885256695,-0.16719266083547535
7,5,6,stand,-0.15369901583000453,-0.17052619990757956,-0.3410523998151591,-0.15369901583000453
7,5,7,hit,-0.47537518327693334,-0.2128477145173143,-0.5067116210767303,-0.2128477145173143
7,5,8,hit,-0.5105175154976173,-0.27157480502428616,-0.6156608928303438,-0.27157480502428616
7,5,9,hit,-0.5431496811311094,-0.3400132806089356,-0.7375056210491795,-0.3400132806089356
7,5,10,hit,-0.5404303339949851,-0.38104299284808774,-0.7968405904052415,-0.38104299284808774
7,6,1,hit,-0.6669507746855103,-0.39693031612293145,-0.8805822794347481,-0.39693031612293145
7,6,2,stand,-0.29278372720927737,-0.30779123771977057,-0.6155824754395411,-0.29278372720927737
7,6,3,stand,-0.25225022923571355,-0.29121011293380095,-0.5824202258676019,-0.25225022923571355
7,6,4,stand,-0.21106310899491437,-0.2742240063993143,-0.5484480127986286,-0.21106310899491437
7,6,5,stand,-0.16719266083547535,-0.2573332724389392,-0.5146665448778784,-0.16719266083547535
7,6,6,stand,-0.15369901583000453,-0.23562627561296381,-0.47125255122592763,-0.15369901583000453
7,6,7,hit,-0.47537518327693334,-0.2690728777660775,-0.5874231313418175,-0.2690728777660775
7,6,8,hit,-0.5105175154976173,-0.32360517609398004,-0.6909658904460949,-0.32360517609398004
7,6,9,hit,-0.5431496811311094,-0.38715518913686875,-0.8077902854905473,-0.38715518913686875
7,6,10,hit,-0.5404303339949851,-0.4252542076446529,-0.8675436159444746,-0.4252542076446529
7,7,1,hit,-0.6669507746855103,-0.44000672211415065,-0.9318206217908234,-0.44000672211415065
7,7,2,stand,-0.29278372720927737,-0.3621924894729031,-0.7243849789458062,-0.29278372720927737
7,7,3,stand,-0.25225022923571355,-0.3487293260695153,-0.6974586521390306,-0.25225022923571355
7,7,4,stand,-0.21106310899491437,-0.33491145955355167,-0.6698229191071033,-0.21106310899491437
7,7,5,stand,-0.16719266083547535,-0.32139537545159497,-0.6427907509031899,-0.16719266083547535
7,7,6,stand,-0.15369901583000453,-0.3007263513183481,-0.6014527026366961,-0.15369901583000453
7,7,7,hit,-0.47537518327693334,-0.32128195792564346,-0.6681346416069046,-0.32128195792564346
7,7,8,hit,-0.5105175154976173,-0.37191909208726714,-0.7662708880618461,-0.37191909208726714
7,7,9,hit,-0.5431496811311094,-0.4309298184842353,-0.878074949931915,-0.4309298184842353
7,7,10,hit,-0.5404303339949851,-0.4663074785271777,-0.9382466414837076,-0.4663074785271777
7,8,1,hit,-0.6669507746855103,-0.4800062419631399,-0.9830589641468988,-0.4800062419631399
7,8,2,stand,-0.29278372720927737,-0.4165937412260356,-0.8331874824520712,-0.29278372720927737
7,8,3,stand,-0.25225022923571355,-0.40624853920522963,-0.8124970784104593,-0.25225022923571355
7,8,4,stand,-0.21106310899491437,-0.3955989127077891,-0.7911978254155781,-0.21106310899491437
7,8,5,stand,-0.16719266083547535,-0.3854574784642507,-0.7709149569285014,-0.16719266083547535
7,8,6,stand,-0.15369901583000453,-0.36582642702373236,-0.7316528540474647,-0.15369901583000453
7,8,7,hit,-0.47537518327693334,-0.36976181807381175,-0.7488461518719918,-0.36976181807381175
7,8,8,hit,-0.5105175154976173,-0.41678201408103377,-0.8415758856775972,-0.41678201408103377
7,8,9,hit,-0.5431496811311094,-0.4715776885925042,-0.9483596143732829,-0.4715776885925042
7,8,10,hit,-0.5404303339949851,-0.5044283729180936,-1.0089496670229408,-0.5044283729180936
7,9,1,hit,-0.6669507746855103,-0.5171486532514871,-1.0342973065029741,-0.5171486532514871
7,9,2,stand,-0.29278372720927737,-0.47099499297916814,-0.9419899859583363,-0.29278372720927737
7,9,3,stand,-0.25225022923571355,-0.463767752340944,-0.927535504681888,-0.25225022923571355
7,9,4,stand,-0.21106310899491437,-0.4562863658620264,-0.9125727317240528,-0.21106310899491437
7,9,5,stand,-0.16719266083547535,-0.44951958147690646,-0.8990391629538129,-0.16719266083547535
7,9,6,stand,-0.15369901583000453,-0.43092650272911664,-0.8618530054582333,-0.15369901583000453
7,9,7,hit,-0.47537518327693334,-0.4147788310685395,-0.829557662137079,-0.4147788310685395
7,9,8,hit,-0.5105175154976173,-0.45844044164667425,-0.9168808832933485,-0.45844044164667425
7,9,9,hit,-0.5431496811311094,-0.5093221394073253,-1.0186442788146506,-0.5093221394073253
7,9,10,hit,-0.5404303339949851,-0.5398263462810868,-1.0796526925621737,-0.5398263462810868
7,10,1,stand,-0.4780334749947371,-0.5572999244057381,-1.1145998488114761,-0.4780334749947371
7,10,2,stand,-0.15297458768154204,-0.5361507939267418,-1.0723015878534836,-0.15297458768154204
7,10,3,stand,-0.11721624142457363,-0.5316741953082845,-1.063348390616569,-0.11721624142457363
7,10,4,stand,-0.08057337314531614,-0.5270114910046944,-1.0540229820093887,-0.08057337314531614
7,10,5,stand,-0.04494137556492456,-0.5229856295103738,-1.0459712590207475,-0.04494137556492456
7,10,6,stand,0.011739160673341858,-0.5087525920116813,-1.0175051840233627,0.011739160673341858
7,10,7,stand,-0.10680898948269474,-0.483485831877563,-0.966971663755126,-0.10680898948269474
7,10,8,stand,-0.3819509710484473,-0.5059826746429475,-1.011965349285895,-0.3819509710484473
7,10,9,stand,-0.4231542396452174,-0.5536948902038471,-1.1073897804076942,-0.4231542396452174
7,10,10,stand,-0.4197206339288199,-0.5844632205942546,-1.1689264411885092,-0.4197206339288199
8,1,1,stand,0.27763572376835594,-0.005742891912004059,-0.18842756836797162,0.27763572376835594
8,1,2,stand,0.3863046860205899,0.12395801957914128,0.2418554635824919,0.3863046860205899
8,1,3,stand,0.40436293659776,0.1493397086630821,0.29582413587422157,0.40436293659776
8,1,4,stand,0.4231789248274964,0.17557680563858263,0.35115361127716527,0.4231789248274964
8,1,5,stand,0.43951210416088354,0.20298603454657616,0.4059720690931523,0.43951210416088354
8,1,6,stand,0.4959770737873191,0.23979935436410912,0.47959870872821825,0.4959770737873191
8,1,7,stand,0.6159764957534314,0.22062011415522262,0.31983519492070983,0.6159764957534314
8,1,8,stand,0.5938536682866943,0.15227028727077513,0.1952688747638818,0.5938536682866943
8,1,9,stand,0.28759675706758137,0.007892641744434286,-0.07294553026892804,0.28759675706758137
8,1,10,stand,0.06311816633584079,-0.08809595391274659,-0.23546764194177422,0.06311816633584079
8,2,1,hit,-0.6669507746855103,0.08144970794527591,-0.01404236865341169,0.08144970794527591
8,2,2,double,-0.29278372720927737,0.18249999400904487,0.3589394124422991,0.3589394124422991
8,2,3,double,-0.25225022923571355,0.20608797581394087,0.40932067017593915,0.40932067017593915
8,2,4,double,-0.21106310899491437,0.23047012189717692,0.46094024379435383,0.46094024379435383
8,2,5,double,-0.16719266083547535,0.25625855450163376,0.5125171090032675,0.5125171090032675
8,2,6,double,-0.15369901583000453,0.28779508429888423,0.5755901685977685,0.5755901685977685
8,2,7,double,-0.47537518327693334,0.2569087443360865,0.39241245528243757,0.39241245528243757
8,2,8,double,-0.5105175154976173,0.19795370833197604,0.2866357168862836,0.2866357168862836
8,2,9,double,-0.5431496811311094,0.11652959106928386,0.1443283683807711,0.1443283683807711
8,2,10,hit,-0.5404303339949851,0.0253085230408681,-0.008658688034544837,0.0253085230408681
8,3,1,hit,-0.6669507746855103,0.14300128216153024,0.10906077977909696,0.14300128216153024
8,3,2,double,-0.29278372720927737,0.23835074945762974,0.47064092333946883,0.47064092333946883
8,3,3,double,-0.25225022923571355,0.26032526728707966,0.5177952531222166,0.5177952531222166
8,3,4,double,-0.21106310899491437,0.2830202752089879,0.5660405504179759,0.5660405504179759
8,3,5,double,-0.16719266083547535,0.30734950895451385,0.6146990179090277,0.6146990179090277
8,3,6,double,-0.15369901583000453,0.33369004745378467,0.6673800949075693,0.6673800949075693
8,3,7,double,-0.47537518327693334,0.2921469911270131,0.4628889488642907,0.4628889488642907
8,3,8,double,-0.5105175154976173,0.2299821453239917,0.3506925908703149,0.3506925908703149
8,3,9,double,-0.5431496811311094,0.1582571184551257,0.22778342315245476,0.22778342315245476
8,3,10,double,-0.5404303339949851,0.11948223076371356,0.17968872741114608,0.17968872741114608
8,4,1,hit,-0.6669507746855103,-0.35054034044008003,-0.8293439370786727,-0.35054034044008003
8,4,2,hit,-0.29278372720927737,-0.2533899859666381,-0.5067799719332762,-0.2533899859666381
8,4,3,hit,-0.25225022923571355,-0.23369089979808663,-0.46738179959617326,-0.23369089979808663
8,4,4,stand,-0.21106310899491437,-0.21353655324507698,-0.42707310649015395,-0.21106310899491437
8,4,5,stand,-0.16719266083547535,-0.19327116942628347,-0.38654233885256695,-0.16719266083547535
8,4,6,stand,-0.15369901583000453,-0.17052619990757956,-0.3410523998151591,-0.15369901583000453
8,4,7,hit,-0.47537518327693334,-0.2128477145173143,-0.5067116210767303,-0.2128477145173143
8,4,8,hit,-0.5105175154976173,-0.27157480502428616,-0.6156608928303438,-0.27157480502428616
8,4,9,hit,-0.5431496811311094,-0.3400132806089356,-0.7375056210491795,-0.3400132806089356
8,4,10,hit,-0.5404303339949851,-0.38104299284808774,-0.7968405904052415,-0.38104299284808774
8,5,1,hit,-0.6669507746855103,-0.39693031612293145,-0.8805822794347481,-0.39693031612293145
8,5,2,stand,-0.29278372720927737,-0.30779123771977057,-0.6155824754395411,-0.29278372720927737
8,5,3,stand,-0.25225022923571355,-0.29121011293380095,-0.5824202258676019,-0.25225022923571355
8,5,4,stand,-0.21106310899491437,-0.2742240063993143,-0.5484480127986286,-0.21106310899491437
8,5,5,stand,-0.16719266083547535,-0.2573332724389392,-0.5146665448778784,-0.16719266083547535
8,5,6,stand,-0.15369901583000453,-0.23562627561296381,-0.47125255122592763,-0.15369901583000453
8,5,7,hit,-0.47537518327693334,-0.2690728777660775,-0.5874231313418175,-0.2690728777660775
8,5,8,hit,-0.5105175154976173,-0.32360517609398004,-0.6909658904460949,-0.32360517609398004
8,5,9,hit,-0.5431496811311094,-0.38715518913686875,-0.8077902854905473,-0.38715518913686875
8,5,10,hit,-0.5404303339949851,-0.4252542076446529,-0.8675436159444746,-0.4252542076446529
8,6,1,hit,-0.6669507746855103,-0.44000672211415065,-0.9318206217908234,-0.44000672211415065
8,6,2,stand,-0.29278372720927737,-0.3621924894729031,-0.7243849789458062,-0.29278372720927737
8,6,3,stand,-0.25225022923571355,-0.3487293260695153,-0.6974586521390306,-0.25225022923571355
8,6,4,stand,-0.21106310899491437,-0.33491145955355167,-0.6698229191071033,-0.21106310899491437
8,6,5,stand,-0.16719266083547535,-0.32139537545159497,-0.6427907509031899,-0.16719266083547535
8,6,6,stand,-0.15369901583000453,-0.3007263513183481,-0.6014527026366961,-0.15369901583000453
8,6,7,hit,-0.47537518327693334,-0.32128195792564346,-0.6681346416069046,-0.32128195792564346
8,6,8,hit,-0.5105175154976173,-0.37191909208726714,-0.7662708880618461,-0.37191909208726714
8,6,9,hit,-0.5431496811311094,-0.4309298184842353,-0.878074949931915,-0.4309298184842353
8,6,10,hit,-0.5404303339949851,-0.4663074785271777,-0.9382466414837076,-0.4663074785271777
8,7,1,hit,-0.6669507746855103,-0.4800062419631399,-0.9830589641468988,-0.4800062419631399
8,7,2,stand,-0.29278372720927737,-0.4165937412260356,-0.8331874824520712,-0.29278372720927737
8,7,3,stand,-0.25225022923571355,-0.40624853920522963,-0.8124970784104593,-0.25225022923571355
8,7,4,stand,-0.21106310899491437,-0.3955989127077891,-0.7911978254155781,-0.21106310899491437
8,7,5,stand,-0.16719266083547535,-0.3854574784642507,-0.7709149569285014,-0.16719266083547535
8,7,6,stand,-0.15369901583000453,-0.36582642702373236,-0.7316528540474647,-0.15369901583000453
8,7,7,hit,-0.47537518327693334,-0.36976181807381175,-0.7488461518719918,-0.36976181807381175
8,7,8,hit,-0.5105175154976173,-0.41678201408103377,-0.8415758856775972,-0.41678201408103377
8,7,9,hit,-0.5431496811311094,-0.4715776885925042,-0.9483596143732829,-0.4715776885925042
8,7,10,hit,-0.5404303339949851,-0.5044283729180936,-1.0089496670229408,-0.5044283729180936
8,8,1,hit,-0.6669507746855103,-0.5171486532514871,-1.0342973065029741,-0.5171486532514871
8,8,2,stand,-0.29278372720927737,-0.47099499297916814,-0.9419899859583363,-0.29278372720927737
8,8,3,stand,-0.25225022923571355,-0.463767752340944,-0.927535504681888,-0.25225022923571355
8,8,4,stand,-0.21106310899491437,-0.4562863658620264,-0.9125727317240528,-0.21106310899491437
8,8,5,stand,-0.16719266083547535,-0.44951958147690646,-0.8990391629538129,-0.16719266083547535
8,8,6,stand,-0.15369901583000453,-0.43092650272911664,-0.8618530054582333,-0.15369901583000453
8,8,7,hit,-0.47537518327693334,-0.4147788310685395,-0.829557662137079,-0.4147788310685395
8,8,8,hit,-0.5105175154976173,-0.45844044164667425,-0.9168808832933485,-0.45844044164667425
8,8,9,hit,-0.5431496811311094,-0.5093221394073253,-1.0186442788146506,-0.5093221394073253
8,8,10,hit,-0.5404303339949851,-0.5398263462810868,-1.0796526925621737,-0.5398263462810868
8,9,1,stand,-0.4780334749947371,-0.5572999244057381,-1.1145998488114761,-0.4780334749947371
8,9,2,stand,-0.15297458768154204,-0.5361507939267418,-1.0723015878534836,-0.15297458768154204
8,9,3,stand,-0.11721624142457363,-0.5316741953082845,-1.063348390616569,-0.11721624142457363
8,9,4,stand,-0.08057337314531614,-0.5270114910046944,-1.0540229820093887,-0.08057337314531614
8,9,5,stand,-0.04494137556492456,-0.5229856295103738,-1.0459712590207475,-0.04494137556492456
8,9,6,stand,0.011739160673341858,-0.5087525920116813,-1.0175051840233627,0.011739160673341858
8,9,7,stand,-0.10680898948269474,-0.483485831877563,-0.966971663755126,-0.10680898948269474
8,9,8,stand,-0.3819509710484473,-0.5059826746429475,-1.011965349285895,-0.3819509710484473
8,9,9,stand,-0.4231542396452174,-0.5536948902038471,-1.1073897804076942,-0.4231542396452174
8,9,10,stand,-0.4197206339288199,-0.5844632205942546,-1.1689264411885092,-0.4197206339288199
8,10,1,stand,-0.10019887561319059,-0.6265153955124156,-1.2530307910248313,-0.10019887561319059
8,10,2,stand,0.12174190222088768,-0.6224386325591178,-1.2448772651182356,0.12174190222088768
8,10,3,stand,0.14830007284131116,-0.6200049701422314,-1.2400099402844629,0.14830007284131116
8,10,4,stand,0.17585443719748522,-0.6174618323275779,-1.2349236646551558,0.17585443719748522
8,10,5,stand,0.19956119497617703,-0.6152595675854643,-1.2305191351709286,0.19956119497617703
8,10,6,stand,0.2834439160468985,-0.607479047092212,-1.214958094184424,0.2834439160468985
8,10,7,stand,0.39955416733655175,-0.5911438447496055,-1.182287689499211,0.39955416733655175
8,10,8,stand,0.10595134861912354,-0.5910558553059571,-1.1821117106119141,0.10595134861912354
8,10,9,stand,-0.18316335667343342,-0.6165284781520445,-1.233056956304089,-0.18316335667343342
8,10,10,stand,-0.17830123379648957,-0.6476708179945246,-1.2953416359890493,-0.17830123379648957
9,1,1,stand,0.6554703231499024,0.08144970794527591,-0.01404236865341169,0.6554703231499024
9,1,2,stand,0.6399865752168388,0.18249999400904487,0.3589394124422991,0.6399865752168388
9,1,3,stand,0.6502720942514814,0.20608797581394087,0.40932067017593915,0.6502720942514814
9,1,4,stand,0.6610499619480716,0.23047012189717692,0.46094024379435383,0.6610499619480716
9,1,5,stand,0.6703596906327999,0.25625855450163376,0.5125171090032675,0.6703596906327999
9,1,6,stand,0.7039585701713446,0.28779508429888423,0.5755901685977685,0.7039585701713446
9,1,7,stand,0.7732272265371749,0.2569087443360865,0.39241245528243757,0.7732272265371749
9,1,8,stand,0.7918151595518983,0.19795370833197604,0.2866357168862836,0.7918151595518983
9,1,9,stand,0.7583568708085962,0.11652959106928386,0.1443283683807711,0.7583568708085962
9,1,10,stand,0.5545375664681711,0.0253085230408681,-0.008658688034544837,0.5545375664681711
9,2,1,hit,-0.6669507746855103,0.14300128216153024,0.10906077977909696,0.14300128216153024
9,2,2,double,-0.29278372720927737,0.23835074945762974,0.47064092333946883,0.47064092333946883
9,2,3,double,-0.25225022923571355,0.26032526728707966,0.5177952531222166,0.5177952531222166
9,2,4,double,-0.21106310899491437,0.2830202752089879,0.5660405504179759,0.5660405504179759
9,2,5,double,-0.16719266083547535,0.30734950895451385,0.6146990179090277,0.6146990179090277
9,2,6,double,-0.15369901583000453,0.33369004745378467,0.6673800949075693,0.6673800949075693
9,2,7,double,-0.47537518327693334,0.2921469911270131,0.4628889488642907,0.4628889488642907
9,2,8,double,-0.5105175154976173,0.2299821453239917,0.3506925908703149,0.3506925908703149
9,2,9,double,-0.5431496811311094,0.1582571184551257,0.22778342315245476,0.22778342315245476
9,2,10,double,-0.5404303339949851,0.11948223076371356,0.17968872741114608,0.17968872741114608
9,3,1,hit,-0.6669507746855103,-0.35054034044008003,-0.8293439370786727,-0.35054034044008003
9,3,2,hit,-0.29278372720927737,-0.2533899859666381,-0.5067799719332762,-0.2533899859666381
9,3,3,hit,-0.25225022923571355,-0.23369089979808663,-0.46738179959617326,-0.23369089979808663
9,3,4,stand,-0.21106310899491437,-0.21353655324507698,-0.42707310649015395,-0.21106310899491437
9,3,5,stand,-0.16719266083547535,-0.19327116942628347,-0.38654233885256695,-0.16719266083547535
9,3,6,stand,-0.15369901583000453,-0.17052619990757956,-0.3410523998151591,-0.15369901583000453
9,3,7,hit,-0.47537518327693334,-0.2128477145173143,-0.5067116210767303,-0.2128477145173143
9,3,8,hit,-0.5105175154976173,-0.27157480502428616,-0.6156608928303438,-0.27157480502428616
9,3,9,hit,-0.5431496811311094,-0.3400132806089356,-0.7375056210491795,-0.3400132806089356
9,3,10,hit,-0.5404303339949851,-0.38104299284808774,-0.7968405904052415,-0.38104299284808774
9,4,1,hit,-0.6669507746855103,-0.39693031612293145,-0.8805822794347481,-0.39693031612293145
9,4,2,stand,-0.29278372720927737,-0.30779123771977057,-0.6155824754395411,-0.29278372720927737
9,4,3,stand,-0.25225022923571355,-0.29121011293380095,-0.5824202258676019,-0.25225022923571355
9,4,4,stand,-0.21106310899491437,-0.2742240063993143,-0.5484480127986286,-0.21106310899491437
9,4,5,stand,-0.16719266083547535,-0.2573332724389392,-0.5146665448778784,-0.16719266083547535
9,4,6,stand,-0.15369901583000453,-0.23562627561296381,-0.47125255122592763,-0.15369901583000453
9,4,7,hit,-0.47537518327693334,-0.2690728777660775,-0.5874231313418175,-0.2690728777660775
9,4,8,hit,-0.5105175154976173,-0.32360517609398004,-0.6909658904460949,-0.32360517609398004
9,4,9,hit,-0.5431496811311094,-0.38715518913686875,-0.8077902854905473,-0.38715518913686875
9,4,10,hit,-0.5404303339949851,-0.4252542076446529,-0.8675436159444746,-0.4252542076446529
9,5,1,hit,-0.6669507746855103,-0.44000672211415065,-0.9318206217908234,-0.44000672211415065
9,5,2,stand,-0.29278372720927737,-0.3621924894729031,-0.7243849789458062,-0.29278372720927737
9,5,3,stand,-0.25225022923571355,-0.3487293260695153,-0.6974586521390306,-0.25225022923571355
9,5,4,stand,-0.21106310899491437,-0.33491145955355167,-0.6698229191071033,-0.21106310899491437
9,5,5,stand,-0.16719266083547535,-0.32139537545159497,-0.6427907509031899,-0.16719266083547535
9,5,6,stand,-0.15369901583000453,-0.3007263513183481,-0.6014527026366961,-0.15369901583000453
9,5,7,hit,-0.47537518327693334,-0.32128195792564346,-0.6681346416069046,-0.32128195792564346
9,5,8,hit,-0.5105175154976173,-0.37191909208726714,-0.7662708880618461,-0.37191909208726714
9,5,9,hit,-0.5431496811311094,-0.4309298184842353,-0.878074949931915,-0.4309298184842353
9,5,10,hit,-0.5404303339949851,-0.4663074785271777,-0.9382466414837076,-0.4663074785271777
9,6,1,hit,-0.6669507746855103,-0.4800062419631399,-0.9830589641468988,-0.4800062419631399
9,6,2,stand,-0.29278372720927737,-0.4165937412260356,-0.8331874824520712,-0.29278372720927737
9,6,3,stand,-0.25225022923571355,-0.40624853920522963,-0.8124970784104593,-0.25225022923571355
9,6,4,stand,-0.21106310899491437,-0.3955989127077891,-0.7911978254155781,-0.21106310899491437
9,6,5,stand,-0.16719266083547535,-0.3854574784642507,-0.7709149569285014,-0.16719266083547535
9,6,6,stand,-0.15369901583000453,-0.36582642702373236,-0.7316528540474647,-0.15369901583000453
9,6,7,hit,-0.47537518327693334,-0.36976181807381175,-0.7488461518719918,-0.36976181807381175
9,6,8,hit,-0.5105175154976173,-0.41678201408103377,-0.8415758856775972,-0.41678201408103377
9,6,9,hit,-0.5431496811311094,-0.4715776885925042,-0.9483596143732829,-0.4715776885925042
9,6,10,hit,-0.5404303339949851,-0.5044283729180936,-1.0089496670229408,-0.5044283729180936
9,7,1,hit,-0.6669507746855103,-0.5171486532514871,-1.0342973065029741,-0.5171486532514871
9,7,2,stand,-0.29278372720927737,-0.47099499297916814,-0.9419899859583363,-0.29278372720927737
9,7,3,stand,-0.25225022923571355,-0.463767752340944,-0.927535504681888,-0.25225022923571355
9,7,4,stand,-0.21106310899491437,-0.4562863658620264,-0.9125727317240528,-0.21106310899491437
9,7,5,stand,-0.16719266083547535,-0.44951958147690646,-0.8990391629538129,-0.16719266083547535
9,7,6,stand,-0.15369901583000453,-0.43092650272911664,-0.8618530054582333,-0.15369901583000453
9,7,7,hit,-0.47537518327693334,-0.4147788310685395,-0.829557662137079,-0.4147788310685395
9,7,8,hit,-0.5105175154976173,-0.45844044164667425,-0.9168808832933485,-0.45844044164667425
9,7,9,hit,-0.5431496811311094,-0.5093221394073253,-1.0186442788146506,-0.5093221394073253
9,7,10,hit,-0.5404303339949851,-0.5398263462810868,-1.0796526925621737,-0.5398263462810868
9,8,1,stand,-0.4780334749947371,-0.5572999244057381,-1.1145998488114761,-0.4780334749947371
9,8,2,stand,-0.15297458768154204,-0.5361507939267418,-1.0723015878534836,-0.15297458768154204
9,8,3,stand,-0.11721624142457363,-0.5316741953082845,-1.063348390616569,-0.11721624142457363
9,8,4,stand,-0.08057337314531614,-0.5270114910046944,-1.0540229820093887,-0.08057337314531614
9,8,5,stand,-0.04494137556492456,-0.5229856295103738,-1.0459712590207475,-0.04494137556492456
9,8,6,stand,0.011739160673341858,-0.5087525920116813,-1.0175051840233627,0.011739160673341858
9,8,7,stand,-0.10680898948269474,-0.483485831877563,-0.966971663755126,-0.10680898948269474
9,8,8,stand,-0.3819509710484473,-0.5059826746429475,-1.011965349285895,-0.3819509710484473
9,8,9,stand,-0.4231542396452174,-0.5536948902038471,-1.1073897804076942,-0.4231542396452174
9,8,10,stand,-0.4197206339288199,-0.5844632205942546,-1.1689264411885092,-0.4197206339288199
9,9,1,stand,-0.10019887561319059,-0.6265153955124156,-1.2530307910248313,-0.10019887561319059
9,9,2,stand,0.12174190222088768,-0.6224386325591178,-1.2448772651182356,0.12174190222088768
9,9,3,stand,0.14830007284131116,-0.6200049701422314,-1.2400099402844629,0.14830007284131116
9,9,4,stand,0.17585443719748522,-0.6174618323275779,-1.2349236646551558,0.17585443719748522
9,9,5,stand,0.19956119497617703,-0.6152595675854643,-1.2305191351709286,0.19956119497617703
9,9,6,stand,0.2834439160468985,-0.607479047092212,-1.214958094184424,0.2834439160468985
9,9,7,stand,0.39955416733655175,-0.5911438447496055,-1.182287689499211,0.39955416733655175
9,9,8,stand,0.10595134861912354,-0.5910558553059571,-1.1821117106119141,0.10595134861912354
9,9,9,stand,-0.18316335667343342,-0.6165284781520445,-1.233056956304089,-0.18316335667343342
9,9,10,stand,-0.17830123379648957,-0.6476708179945246,-1.2953416359890493,-0.17830123379648957
9,10,1,stand,0.27763572376835594,-0.7247950665715199,-1.4495901331430399,0.27763572376835594
9,10,2,stand,0.3863046860205899,-0.7290774545607016,-1.4581549091214032,0.3863046860205899
9,10,3,stand,0.40436293659776,-0.7280328883420591,-1.4560657766841183,0.40436293659776
9,10,4,stand,0.4231789248274964,-0.7269371342373853,-1.4538742684747705,0.4231789248274964
9,10,5,stand,0.43951210416088354,-0.7259912679055323,-1.4519825358110645,0.43951210416088354
9,10,6,stand,0.4959770737873191,-0.7225542066143135,-1.445108413228627,0.4959770737873191
9,10,7,stand,0.6159764957534314,-0.7154497290383309,-1.4308994580766619,0.6159764957534314
9,10,8,stand,0.5938536682866943,-0.7136599836357027,-1.4273199672714054,0.5938536682866943
9,10,9,stand,0.28759675706758137,-0.7155743825418585,-1.431148765083717,0.28759675706758137
9,10,10,stand,0.06311816633584079,-0.729449138481897,-1.458898276963794,0.06311816633584079
10,1,1,stand,0.9221938114203379,0.14300128216153024,0.10906077977909696,0.9221938114203379
10,1,2,stand,0.88200651549404,0.23835074945762974,0.47064092333946883,0.88200651549404
10,1,3,stand,0.8853003573017494,0.26032526728707966,0.5177952531222166,0.8853003573017494
10,1,4,stand,0.8887672929659194,0.2830202752089879,0.5660405504179759,0.8887672929659194
10,1,5,stand,0.8917538265952802,0.30734950895451385,0.6146990179090277,0.8917538265952802
10,1,6,stand,0.9028367438425798,0.33369004745378467,0.6673800949075693,0.9028367438425798
10,1,7,stand,0.9259262959645234,0.2921469911270131,0.4628889488642907,0.9259262959645234
10,1,8,stand,0.9306050531839661,0.2299821453239917,0.3506925908703149,0.9306050531839661
10,1,9,stand,0.939176156147244,0.1582571184551257,0.22778342315245476,0.939176156147244
10,1,10,stand,0.9626236332671682,0.11948223076371356,0.17968872741114608,0.9626236332671682
10,2,1,hit,-0.6669507746855103,-0.35054034044008003,-0.8293439370786727,-0.35054034044008003
10,2,2,hit,-0.29278372720927737,-0.2533899859666381,-0.5067799719332762,-0.2533899859666381
10,2,3,hit,-0.25225022923571355,-0.23369089979808663,-0.46738179959617326,-0.23369089979808663
10,2,4,stand,-0.21106310899491437,-0.21353655324507698,-0.42707310649015395,-0.21106310899491437
10,2,5,stand,-0.16719266083547535,-0.19327116942628347,-0.38654233885256695,-0.16719266083547535
10,2,6,stand,-0.15369901583000453,-0.17052619990757956,-0.3410523998151591,-0.15369901583000453
10,2,7,hit,-0.47537518327693334,-0.2128477145173143,-0.5067116210767303,-0.2128477145173143
10,2,8,hit,-0.5105175154976173,-0.27157480502428616,-0.6156608928303438,-0.27157480502428616
10,2,9,hit,-0.5431496811311094,-0.3400132806089356,-0.7375056210491795,-0.3400132806089356
10,2,10,hit,-0.5404303339949851,-0.38104299284808774,-0.7968405904052415,-0.38104299284808774
10,3,1,hit,-0.6669507746855103,-0.39693031612293145,-0.8805822794347481,-0.39693031612293145
10,3,2,stand,-0.29278372720927737,-0.30779123771977057,-0.6155824754395411,-0.29278372720927737
10,3,3,stand,-0.25225022923571355,-0.29121011293380095,-0.5824202258676019,-0.25225022923571355
10,3,4,stand,-0.21106310899491437,-0.2742240063993143,-0.5484480127986286,-0.21106310899491437
10,3,5,stand,-0.16719266083547535,-0.2573332724389392,-0.5146665448778784,-0.16719266083547535
10,3,6,stand,-0.15369901583000453,-0.23562627561296381,-0.47125255122592763,-0.15369901583000453
10,3,7,hit,-0.47537518327693334,-0.2690728777660775,-0.5874231313418175,-0.2690728777660775
10,3,8,hit,-0.5105175154976173,-0.32360517609398004,-0.6909658904460949,-0.32360517609398004
10,3,9,hit,-0.5431496811311094,-0.38715518913686875,-0.8077902854905473,-0.38715518913686875
10,3,10,hit,-0.5404303339949851,-0.4252542076446529,-0.8675436159444746,-0.4252542076446529
10,4,1,hit,-0.6669507746855103,-0.44000672211415065,-0.9318206217908234,-0.44000672211415065
10,4,2,stand,-0.29278372720927737,-0.3621924894729031,-0.7243849789458062,-0.29278372720927737
10,4,3,stand,-0.25225022923571355,-0.3487293260695153,-0.6974586521390306,-0.25225022923571355
10,4,4,stand,-0.21106310899491437,-0.33491145955355167,-0.6698229191071033,-0.21106310899491437
10,4,5,stand,-0.16719266083547535,-0.32139537545159497,-0.6427907509031899,-0.16719266083547535
10,4,6,stand,-0.15369901583000453,-0.3007263513183481,-0.6014527026366961,-0.15369901583000453
10,4,7,hit,-0.47537518327693334,-0.32128195792564346,-0.6681346416069046,-0.32128195792564346
10,4,8,hit,-0.5105175154976173,-0.37191909208726714,-0.7662708880618461,-0.37191909208726714
10,4,9,hit,-0.5431496811311094,-0.4309298184842353,-0.878074949931915,-0.4309298184842353
10,4,10,hit,-0.5404303339949851,-0.4663074785271777,-0.9382466414837076,-0.4663074785271777
10,5,1,hit,-0.6669507746855103,-0.4800062419631399,-0.9830589641468988,-0.4800062419631399
10,5,2,stand,-0.29278372720927737,-0.4165937412260356,-0.8331874824520712,-0.29278372720927737
10,5,3,stand,-0.25225022923571355,-0.40624853920522963,-0.8124970784104593,-0.25225022923571355
10,5,4,stand,-0.21106310899491437,-0.3955989127077891,-0.7911978254155781,-0.21106310899491437
10,5,5,stand,-0.16719266083547535,-0.3854574784642507,-0.7709149569285014,-0.16719266083547535
10,5,6,stand,-0.15369901583000453,-0.36582642702373236,-0.7316528540474647,-0.15369901583000453
10,5,7,hit,-0.47537518327693334,-0.36976181807381175,-0.7488461518719918,-0.36976181807381175
10,5,8,hit,-0.5105175154976173,-0.41678201408103377,-0.8415758856775972,-0.41678201408103377
10,5,9,hit,-0.5431496811311094,-0.4715776885925042,-0.9483596143732829,-0.4715776885925042
10,5,10,hit,-0.5404303339949851,-0.5044283729180936,-1.0089496670229408,-0.5044283729180936
10,6,1,hit,-0.6669507746855103,-0.5171486532514871,-1.0342973065029741,-0.5171486532514871
10,6,2,stand,-0.29278372720927737,-0.47099499297916814,-0.9419899859583363,-0.29278372720927737
10,6,3,stand,-0.25225022923571355,-0.463767752340944,-0.927535504681888,-0.25225022923571355
10,6,4,stand,-0.21106310899491437,-0.4562863658620264,-0.9125727317240528,-0.21106310899491437
10,6,5,stand,-0.16719266083547535,-0.44951958147690646,-0.8990391629538129,-0.16719266083547535
10,6,6,stand,-0.15369901583000453,-0.43092650272911664,-0.8618530054582333,-0.15369901583000453
10,6,7,hit,-0.47537518327693334,-0.4147788310685395,-0.829557662137079,-0.4147788310685395
10,6,8,hit,-0.5105175154976173,-0.45844044164667425,-0.9168808832933485,-0.45844044164667425
10,6,9,hit,-0.5431496811311094,-0.5093221394073253,-1.0186442788146506,-0.5093221394073253
10,6,10,hit,-0.5404303339949851,-0.5398263462810868,-1.0796526925621737,-0.5398263462810868
10,7,1,stand,-0.4780334749947371,-0.5572999244057381,-1.1145998488114761,-0.4780334749947371
10,7,2,stand,-0.15297458768154204,-0.5361507939267418,-1.0723015878534836,-0.15297458768154204
10,7,3,stand,-0.11721624142457363,-0.5316741953082845,-1.063348390616569,-0.11721624142457363
10,7,4,stand,-0.08057337314531614,-0.5270114910046944,-1.0540229820093887,-0.08057337314531614
10,7,5,stand,-0.04494137556492456,-0.5229856295103738,-1.0459712590207475,-0.04494137556492456
10,7,6,stand,0.011739160673341858,-0.5087525920116813,-1.0175051840233627,0.011739160673341858
10,7,7,stand,-0.10680898948269474,-0.483485831877563,-0.966971663755126,-0.10680898948269474
10,7,8,stand,-0.3819509710484473,-0.5059826746429475,-1.011965349285895,-0.3819509710484473
10,7,9,stand,-0.4231542396452174,-0.5536948902038471,-1.1073897804076942,-0.4231542396452174
10,7,10,stand,-0.4197206339288199,-0.5844632205942546,-1.1689264411885092,-0.4197206339288199
10,8,1,stand,-0.10019887561319059,-0.6265153955124156,-1.2530307910248313,-0.10019887561319059
10,8,2,stand,0.12174190222088768,-0.6224386325591178,-1.2448772651182356,0.12174190222088768
10,8,3,stand,0.14830007284131116,-0.6200049701422314,-1.2400099402844629,0.14830007284131116
10,8,4,stand,0.17585443719748522,-0.6174618323275779,-1.2349236646551558,0.17585443719748522
10,8,5,stand,0.19956119497617703,-0.6152595675854643,-1.2305191351709286,0.19956119497617703
10,8,6,stand,0.2834439160468985,-0.607479047092212,-1.214958094184424,0.2834439160468985
10,8,7,stand,0.39955416733655175,-0.5911438447496055,-1.182287689499211,0.39955416733655175
10,8,8,stand,0.10595134861912354,-0.5910558553059571,-1.1821117106119141,0.10595134861912354
10,8,9,stand,-0.18316335667343342,-0.6165284781520445,-1.233056956304089,-0.18316335667343342
10,8,10,stand,-0.17830123379648957,-0.6476708179945246,-1.2953416359890493,-0.17830123379648957
10,9,1,stand,0.27763572376835594,-0.7247950665715199,-1.4495901331430399,0.27763572376835594
10,9,2,stand,0.3863046860205899,-0.7290774545607016,-1.4581549091214032,0.3863046860205899
10,9,3,stand,0.40436293659776,-0.7280328883420591,-1.4560657766841183,0.40436293659776
10,9,4,stand,0.4231789248274964,-0.7269371342373853,-1.4538742684747705,0.4231789248274964
10,9,5,stand,0.43951210416088354,-0.7259912679055323,-1.4519825358110645,0.43951210416088354
10,9,6,stand,0.4959770737873191,-0.7225542066143135,-1.445108413228627,0.4959770737873191
10,9,7,stand,0.6159764957534314,-0.7154497290383309,-1.4308994580766619,0.6159764957534314
10,9,8,stand,0.5938536682866943,-0.7136599836357027,-1.4273199672714054,0.5938536682866943
10,9,9,stand,0.28759675706758137,-0.7155743825418585,-1.431148765083717,0.28759675706758137
10,9,10,stand,0.06311816633584079,-0.729449138481897,-1.458898276963794,0.06311816633584079
10,10,1,stand,0.6554703231499024,-0.8521389375830509,-1.7042778751661019,0.6554703231499024
10,10,2,stand,0.6399865752168388,-0.85523026803892,-1.71046053607784,0.6399865752168388
10,10,3,stand,0.6502720942514814,-0.8549768955921732,-1.7099537911843463,0.6502720942514814
10,10,4,stand,0.6610499619480716,-0.8547102082333908,-1.7094204164667817,0.6610499619480716
10,10,5,stand,0.6703596906327999,-0.8544804748772862,-1.7089609497545724,0.6703596906327999
10,10,6,stand,0.7039585701713446,-0.85362794278134,-1.70725588556268,0.7039585701713446
10,10,7,stand,0.7732272265371749,-0.8518518233873443,-1.7037036467746887,0.7732272265371749
10,10,8,stand,0.7918151595518983,-0.8514919189858488,-1.7029838379716975,0.7918151595518983
10,10,9,stand,0.7583568708085962,-0.8508326033732889,-1.7016652067465778,0.7583568708085962
10,10,10,stand,0.5545375664681711,-0.849028951287141,-1.698057902574282,0.5545375664681711
